benchmark_family,benchmark_submode,workload_class,warmup_policy,first_turn_measured,arrival_pattern,cache_pressure_profile,equivalence_group,conversation_sampling,limit_min_tokens,limit_max_tokens,topology_overlay,transport_mode,run_class,status,expected_case_count,observed_case_count,stop_point,skip_reason,transport_supported,transport_skip_reason,host,gpu_names,model_label,model_architecture,pd_supported,report_json,baseline_variant,myelon_variant,metric,baseline_value,myelon_value,delta_percent,baseline_status,myelon_status
server_prefill_stress,cache_thrash_round_robin,synthetic_server_prefill_stress,measure_first_turn,True,saturation_zero_gap,hard_thrash,,round_robin,8,8,tp2,socket_vs_myelon_process_runner,fullpass,partial,2,2,full_completion,,,,plain-bear-unfolds-fin-02,"NVIDIA H100 80GB HBM3,NVIDIA H100 80GB HBM3",Qwen/Qwen3-30B-A3B,Qwen3MoeForCausalLM,True,/root/Documents/myelon-launch/vllm.rs/artifacts/h100_bridge_campaign_20260406/qwen30ba3b_tp2_server_cache_thrash_rr_v1/report.json,runner,myelon,observed_prefix_cache_miss_count,0.0,0.0,,benchmark_failed,benchmark_failed
server_prefill_stress,cache_thrash_round_robin,synthetic_server_prefill_stress,measure_first_turn,True,saturation_zero_gap,hard_thrash,,round_robin,8,8,tp2,socket_vs_myelon_process_runner,fullpass,partial,2,2,full_completion,,,,plain-bear-unfolds-fin-02,"NVIDIA H100 80GB HBM3,NVIDIA H100 80GB HBM3",Qwen/Qwen3-30B-A3B,Qwen3MoeForCausalLM,True,/root/Documents/myelon-launch/vllm.rs/artifacts/h100_bridge_campaign_20260406/qwen30ba3b_tp2_server_cache_thrash_rr_v1/report.json,runner,myelon,observed_prefix_cache_insert_count,0.0,0.0,,benchmark_failed,benchmark_failed
server_prefill_stress,cache_thrash_round_robin,synthetic_server_prefill_stress,measure_first_turn,True,saturation_zero_gap,hard_thrash,,round_robin,8,8,tp2,socket_vs_myelon_process_runner,fullpass,partial,2,2,full_completion,,,,plain-bear-unfolds-fin-02,"NVIDIA H100 80GB HBM3,NVIDIA H100 80GB HBM3",Qwen/Qwen3-30B-A3B,Qwen3MoeForCausalLM,True,/root/Documents/myelon-launch/vllm.rs/artifacts/h100_bridge_campaign_20260406/qwen30ba3b_tp2_server_cache_thrash_rr_v1/report.json,runner,myelon,observed_prefix_cache_eviction_count,0.0,0.0,,benchmark_failed,benchmark_failed
server_prefill_stress,cache_thrash_round_robin,synthetic_server_prefill_stress,measure_first_turn,True,saturation_zero_gap,hard_thrash,,round_robin,8,8,tp2,socket_vs_myelon_process_runner,fullpass,completed,2,2,full_completion,,,,plain-bear-unfolds-fin-02,"NVIDIA H100 80GB HBM3,NVIDIA H100 80GB HBM3",Qwen/Qwen3-30B-A3B,Qwen3MoeForCausalLM,True,/root/Documents/myelon-launch/vllm.rs/artifacts/h100_bridge_campaign_20260406/qwen30ba3b_tp2_server_cache_thrash_rr_v2/report.json,runner,myelon,requests_per_sec,1.256,1.27,1.1146,completed,completed
server_prefill_stress,cache_thrash_round_robin,synthetic_server_prefill_stress,measure_first_turn,True,saturation_zero_gap,hard_thrash,,round_robin,8,8,tp2,socket_vs_myelon_process_runner,fullpass,completed,2,2,full_completion,,,,plain-bear-unfolds-fin-02,"NVIDIA H100 80GB HBM3,NVIDIA H100 80GB HBM3",Qwen/Qwen3-30B-A3B,Qwen3MoeForCausalLM,True,/root/Documents/myelon-launch/vllm.rs/artifacts/h100_bridge_campaign_20260406/qwen30ba3b_tp2_server_cache_thrash_rr_v2/report.json,runner,myelon,runtime_sec,25.472,25.203,-1.0561,completed,completed
server_prefill_stress,cache_thrash_round_robin,synthetic_server_prefill_stress,measure_first_turn,True,saturation_zero_gap,hard_thrash,,round_robin,8,8,tp2,socket_vs_myelon_process_runner,fullpass,completed,2,2,full_completion,,,,plain-bear-unfolds-fin-02,"NVIDIA H100 80GB HBM3,NVIDIA H100 80GB HBM3",Qwen/Qwen3-30B-A3B,Qwen3MoeForCausalLM,True,/root/Documents/myelon-launch/vllm.rs/artifacts/h100_bridge_campaign_20260406/qwen30ba3b_tp2_server_cache_thrash_rr_v2/report.json,runner,myelon,ttft_ms_mean,703.48,696.24,-1.0292,completed,completed
server_prefill_stress,cache_thrash_round_robin,synthetic_server_prefill_stress,measure_first_turn,True,saturation_zero_gap,hard_thrash,,round_robin,8,8,tp2,socket_vs_myelon_process_runner,fullpass,completed,2,2,full_completion,,,,plain-bear-unfolds-fin-02,"NVIDIA H100 80GB HBM3,NVIDIA H100 80GB HBM3",Qwen/Qwen3-30B-A3B,Qwen3MoeForCausalLM,True,/root/Documents/myelon-launch/vllm.rs/artifacts/h100_bridge_campaign_20260406/qwen30ba3b_tp2_server_cache_thrash_rr_v2/report.json,runner,myelon,tpot_ms_mean,12.25,12.08,-1.3878,completed,completed
server_prefill_stress,cache_thrash_round_robin,synthetic_server_prefill_stress,measure_first_turn,True,saturation_zero_gap,hard_thrash,,round_robin,8,8,tp2,socket_vs_myelon_process_runner,fullpass,completed,2,2,full_completion,,,,plain-bear-unfolds-fin-02,"NVIDIA H100 80GB HBM3,NVIDIA H100 80GB HBM3",Qwen/Qwen3-30B-A3B,Qwen3MoeForCausalLM,True,/root/Documents/myelon-launch/vllm.rs/artifacts/h100_bridge_campaign_20260406/qwen30ba3b_tp2_server_cache_thrash_rr_v2/report.json,runner,myelon,latency_ms_mean,789.25,780.79,-1.0719,completed,completed
server_prefill_stress,cache_thrash_round_robin,synthetic_server_prefill_stress,measure_first_turn,True,saturation_zero_gap,hard_thrash,,round_robin,8,8,tp2,socket_vs_myelon_process_runner,fullpass,completed,2,2,full_completion,,,,plain-bear-unfolds-fin-02,"NVIDIA H100 80GB HBM3,NVIDIA H100 80GB HBM3",Qwen/Qwen3-30B-A3B,Qwen3MoeForCausalLM,True,/root/Documents/myelon-launch/vllm.rs/artifacts/h100_bridge_campaign_20260406/qwen30ba3b_tp2_server_cache_thrash_rr_v2/report.json,runner,myelon,observed_gpu_kv_usage_percent_max,1.1,1.1,0.0,completed,completed
server_prefill_stress,cache_thrash_round_robin,synthetic_server_prefill_stress,measure_first_turn,True,saturation_zero_gap,hard_thrash,,round_robin,8,8,tp2,socket_vs_myelon_process_runner,fullpass,completed,2,2,full_completion,,,,plain-bear-unfolds-fin-02,"NVIDIA H100 80GB HBM3,NVIDIA H100 80GB HBM3",Qwen/Qwen3-30B-A3B,Qwen3MoeForCausalLM,True,/root/Documents/myelon-launch/vllm.rs/artifacts/h100_bridge_campaign_20260406/qwen30ba3b_tp2_server_cache_thrash_rr_v2/report.json,runner,myelon,observed_cpu_swap_usage_percent_max,0.0,0.0,,completed,completed
server_prefill_stress,cache_thrash_round_robin,synthetic_server_prefill_stress,measure_first_turn,True,saturation_zero_gap,hard_thrash,,round_robin,8,8,tp2,socket_vs_myelon_process_runner,fullpass,completed,2,2,full_completion,,,,plain-bear-unfolds-fin-02,"NVIDIA H100 80GB HBM3,NVIDIA H100 80GB HBM3",Qwen/Qwen3-30B-A3B,Qwen3MoeForCausalLM,True,/root/Documents/myelon-launch/vllm.rs/artifacts/h100_bridge_campaign_20260406/qwen30ba3b_tp2_server_cache_thrash_rr_v2/report.json,runner,myelon,observed_prefix_cache_miss_count,32.0,32.0,0.0,completed,completed
server_prefill_stress,cache_thrash_round_robin,synthetic_server_prefill_stress,measure_first_turn,True,saturation_zero_gap,hard_thrash,,round_robin,8,8,tp2,socket_vs_myelon_process_runner,fullpass,completed,2,2,full_completion,,,,plain-bear-unfolds-fin-02,"NVIDIA H100 80GB HBM3,NVIDIA H100 80GB HBM3",Qwen/Qwen3-30B-A3B,Qwen3MoeForCausalLM,True,/root/Documents/myelon-launch/vllm.rs/artifacts/h100_bridge_campaign_20260406/qwen30ba3b_tp2_server_cache_thrash_rr_v2/report.json,runner,myelon,observed_prefix_cache_insert_count,32.0,32.0,0.0,completed,completed
server_prefill_stress,cache_thrash_round_robin,synthetic_server_prefill_stress,measure_first_turn,True,saturation_zero_gap,hard_thrash,,round_robin,8,8,tp2,socket_vs_myelon_process_runner,fullpass,completed,2,2,full_completion,,,,plain-bear-unfolds-fin-02,"NVIDIA H100 80GB HBM3,NVIDIA H100 80GB HBM3",Qwen/Qwen3-30B-A3B,Qwen3MoeForCausalLM,True,/root/Documents/myelon-launch/vllm.rs/artifacts/h100_bridge_campaign_20260406/qwen30ba3b_tp2_server_cache_thrash_rr_v2/report.json,runner,myelon,observed_prefix_cache_eviction_count,0.0,0.0,,completed,completed
server_prefill_stress,cache_thrash_round_robin,synthetic_server_prefill_stress,measure_first_turn,True,saturation_zero_gap,hard_thrash,,round_robin,8,8,tp2,socket_vs_myelon_process_runner,fullpass,completed,2,2,full_completion,,,,plain-bear-unfolds-fin-02,"NVIDIA H100 80GB HBM3,NVIDIA H100 80GB HBM3",Qwen/Qwen3-30B-A3B,Qwen3MoeForCausalLM,True,/root/Documents/myelon-launch/vllm.rs/artifacts/h100_bridge_campaign_20260406/qwen30ba3b_tp2_server_cache_thrash_rr_v3/report.json,runner,myelon,requests_per_sec,1.564,1.576,0.7673,completed,completed
server_prefill_stress,cache_thrash_round_robin,synthetic_server_prefill_stress,measure_first_turn,True,saturation_zero_gap,hard_thrash,,round_robin,8,8,tp2,socket_vs_myelon_process_runner,fullpass,completed,2,2,full_completion,,,,plain-bear-unfolds-fin-02,"NVIDIA H100 80GB HBM3,NVIDIA H100 80GB HBM3",Qwen/Qwen3-30B-A3B,Qwen3MoeForCausalLM,True,/root/Documents/myelon-launch/vllm.rs/artifacts/h100_bridge_campaign_20260406/qwen30ba3b_tp2_server_cache_thrash_rr_v3/report.json,runner,myelon,runtime_sec,20.454,20.306,-0.7236,completed,completed
server_prefill_stress,cache_thrash_round_robin,synthetic_server_prefill_stress,measure_first_turn,True,saturation_zero_gap,hard_thrash,,round_robin,8,8,tp2,socket_vs_myelon_process_runner,fullpass,completed,2,2,full_completion,,,,plain-bear-unfolds-fin-02,"NVIDIA H100 80GB HBM3,NVIDIA H100 80GB HBM3",Qwen/Qwen3-30B-A3B,Qwen3MoeForCausalLM,True,/root/Documents/myelon-launch/vllm.rs/artifacts/h100_bridge_campaign_20260406/qwen30ba3b_tp2_server_cache_thrash_rr_v3/report.json,runner,myelon,ttft_ms_mean,547.95,544.52,-0.626,completed,completed
server_prefill_stress,cache_thrash_round_robin,synthetic_server_prefill_stress,measure_first_turn,True,saturation_zero_gap,hard_thrash,,round_robin,8,8,tp2,socket_vs_myelon_process_runner,fullpass,completed,2,2,full_completion,,,,plain-bear-unfolds-fin-02,"NVIDIA H100 80GB HBM3,NVIDIA H100 80GB HBM3",Qwen/Qwen3-30B-A3B,Qwen3MoeForCausalLM,True,/root/Documents/myelon-launch/vllm.rs/artifacts/h100_bridge_campaign_20260406/qwen30ba3b_tp2_server_cache_thrash_rr_v3/report.json,runner,myelon,tpot_ms_mean,12.07,11.86,-1.7399,completed,completed
server_prefill_stress,cache_thrash_round_robin,synthetic_server_prefill_stress,measure_first_turn,True,saturation_zero_gap,hard_thrash,,round_robin,8,8,tp2,socket_vs_myelon_process_runner,fullpass,completed,2,2,full_completion,,,,plain-bear-unfolds-fin-02,"NVIDIA H100 80GB HBM3,NVIDIA H100 80GB HBM3",Qwen/Qwen3-30B-A3B,Qwen3MoeForCausalLM,True,/root/Documents/myelon-launch/vllm.rs/artifacts/h100_bridge_campaign_20260406/qwen30ba3b_tp2_server_cache_thrash_rr_v3/report.json,runner,myelon,latency_ms_mean,632.46,627.52,-0.7811,completed,completed
server_prefill_stress,cache_thrash_round_robin,synthetic_server_prefill_stress,measure_first_turn,True,saturation_zero_gap,hard_thrash,,round_robin,8,8,tp2,socket_vs_myelon_process_runner,fullpass,completed,2,2,full_completion,,,,plain-bear-unfolds-fin-02,"NVIDIA H100 80GB HBM3,NVIDIA H100 80GB HBM3",Qwen/Qwen3-30B-A3B,Qwen3MoeForCausalLM,True,/root/Documents/myelon-launch/vllm.rs/artifacts/h100_bridge_campaign_20260406/qwen30ba3b_tp2_server_cache_thrash_rr_v3/report.json,runner,myelon,observed_gpu_kv_usage_percent_max,1.1,1.1,0.0,completed,completed
server_prefill_stress,cache_thrash_round_robin,synthetic_server_prefill_stress,measure_first_turn,True,saturation_zero_gap,hard_thrash,,round_robin,8,8,tp2,socket_vs_myelon_process_runner,fullpass,completed,2,2,full_completion,,,,plain-bear-unfolds-fin-02,"NVIDIA H100 80GB HBM3,NVIDIA H100 80GB HBM3",Qwen/Qwen3-30B-A3B,Qwen3MoeForCausalLM,True,/root/Documents/myelon-launch/vllm.rs/artifacts/h100_bridge_campaign_20260406/qwen30ba3b_tp2_server_cache_thrash_rr_v3/report.json,runner,myelon,observed_cpu_swap_usage_percent_max,0.0,0.0,,completed,completed
server_prefill_stress,cache_thrash_round_robin,synthetic_server_prefill_stress,measure_first_turn,True,saturation_zero_gap,hard_thrash,,round_robin,8,8,tp2,socket_vs_myelon_process_runner,fullpass,completed,2,2,full_completion,,,,plain-bear-unfolds-fin-02,"NVIDIA H100 80GB HBM3,NVIDIA H100 80GB HBM3",Qwen/Qwen3-30B-A3B,Qwen3MoeForCausalLM,True,/root/Documents/myelon-launch/vllm.rs/artifacts/h100_bridge_campaign_20260406/qwen30ba3b_tp2_server_cache_thrash_rr_v3/report.json,runner,myelon,observed_prefix_cache_miss_count,32.0,32.0,0.0,completed,completed
server_prefill_stress,cache_thrash_round_robin,synthetic_server_prefill_stress,measure_first_turn,True,saturation_zero_gap,hard_thrash,,round_robin,8,8,tp2,socket_vs_myelon_process_runner,fullpass,completed,2,2,full_completion,,,,plain-bear-unfolds-fin-02,"NVIDIA H100 80GB HBM3,NVIDIA H100 80GB HBM3",Qwen/Qwen3-30B-A3B,Qwen3MoeForCausalLM,True,/root/Documents/myelon-launch/vllm.rs/artifacts/h100_bridge_campaign_20260406/qwen30ba3b_tp2_server_cache_thrash_rr_v3/report.json,runner,myelon,observed_prefix_cache_insert_count,32.0,32.0,0.0,completed,completed
server_prefill_stress,cache_thrash_round_robin,synthetic_server_prefill_stress,measure_first_turn,True,saturation_zero_gap,hard_thrash,,round_robin,8,8,tp2,socket_vs_myelon_process_runner,fullpass,completed,2,2,full_completion,,,,plain-bear-unfolds-fin-02,"NVIDIA H100 80GB HBM3,NVIDIA H100 80GB HBM3",Qwen/Qwen3-30B-A3B,Qwen3MoeForCausalLM,True,/root/Documents/myelon-launch/vllm.rs/artifacts/h100_bridge_campaign_20260406/qwen30ba3b_tp2_server_cache_thrash_rr_v3/report.json,runner,myelon,observed_prefix_cache_eviction_count,0.0,0.0,,completed,completed
server_prefill_stress,cache_thrash_round_robin,synthetic_server_prefill_stress,measure_first_turn,True,saturation_zero_gap,hard_thrash,,round_robin,8,8,tp2,socket_vs_myelon_process_runner,fullpass,completed,2,2,full_completion,,,,plain-bear-unfolds-fin-02,"NVIDIA H100 80GB HBM3,NVIDIA H100 80GB HBM3",Qwen/Qwen3-30B-A3B,Qwen3MoeForCausalLM,True,/root/Documents/myelon-launch/vllm.rs/artifacts/h100_bridge_campaign_20260406/qwen30ba3b_tp2_server_cache_thrash_rr_v4/report.json,runner,myelon,requests_per_sec,1.218,1.25,2.6273,completed,completed
server_prefill_stress,cache_thrash_round_robin,synthetic_server_prefill_stress,measure_first_turn,True,saturation_zero_gap,hard_thrash,,round_robin,8,8,tp2,socket_vs_myelon_process_runner,fullpass,completed,2,2,full_completion,,,,plain-bear-unfolds-fin-02,"NVIDIA H100 80GB HBM3,NVIDIA H100 80GB HBM3",Qwen/Qwen3-30B-A3B,Qwen3MoeForCausalLM,True,/root/Documents/myelon-launch/vllm.rs/artifacts/h100_bridge_campaign_20260406/qwen30ba3b_tp2_server_cache_thrash_rr_v4/report.json,runner,myelon,runtime_sec,53.348,52.017,-2.4949,completed,completed
server_prefill_stress,cache_thrash_round_robin,synthetic_server_prefill_stress,measure_first_turn,True,saturation_zero_gap,hard_thrash,,round_robin,8,8,tp2,socket_vs_myelon_process_runner,fullpass,completed,2,2,full_completion,,,,plain-bear-unfolds-fin-02,"NVIDIA H100 80GB HBM3,NVIDIA H100 80GB HBM3",Qwen/Qwen3-30B-A3B,Qwen3MoeForCausalLM,True,/root/Documents/myelon-launch/vllm.rs/artifacts/h100_bridge_campaign_20260406/qwen30ba3b_tp2_server_cache_thrash_rr_v4/report.json,runner,myelon,ttft_ms_mean,728.9,710.24,-2.56,completed,completed
server_prefill_stress,cache_thrash_round_robin,synthetic_server_prefill_stress,measure_first_turn,True,saturation_zero_gap,hard_thrash,,round_robin,8,8,tp2,socket_vs_myelon_process_runner,fullpass,completed,2,2,full_completion,,,,plain-bear-unfolds-fin-02,"NVIDIA H100 80GB HBM3,NVIDIA H100 80GB HBM3",Qwen/Qwen3-30B-A3B,Qwen3MoeForCausalLM,True,/root/Documents/myelon-launch/vllm.rs/artifacts/h100_bridge_campaign_20260406/qwen30ba3b_tp2_server_cache_thrash_rr_v4/report.json,runner,myelon,tpot_ms_mean,12.1,11.85,-2.0661,completed,completed
server_prefill_stress,cache_thrash_round_robin,synthetic_server_prefill_stress,measure_first_turn,True,saturation_zero_gap,hard_thrash,,round_robin,8,8,tp2,socket_vs_myelon_process_runner,fullpass,completed,2,2,full_completion,,,,plain-bear-unfolds-fin-02,"NVIDIA H100 80GB HBM3,NVIDIA H100 80GB HBM3",Qwen/Qwen3-30B-A3B,Qwen3MoeForCausalLM,True,/root/Documents/myelon-launch/vllm.rs/artifacts/h100_bridge_campaign_20260406/qwen30ba3b_tp2_server_cache_thrash_rr_v4/report.json,runner,myelon,latency_ms_mean,813.58,793.16,-2.5099,completed,completed
server_prefill_stress,cache_thrash_round_robin,synthetic_server_prefill_stress,measure_first_turn,True,saturation_zero_gap,hard_thrash,,round_robin,8,8,tp2,socket_vs_myelon_process_runner,fullpass,completed,2,2,full_completion,,,,plain-bear-unfolds-fin-02,"NVIDIA H100 80GB HBM3,NVIDIA H100 80GB HBM3",Qwen/Qwen3-30B-A3B,Qwen3MoeForCausalLM,True,/root/Documents/myelon-launch/vllm.rs/artifacts/h100_bridge_campaign_20260406/qwen30ba3b_tp2_server_cache_thrash_rr_v4/report.json,runner,myelon,observed_gpu_kv_usage_percent_max,1.1,1.1,0.0,completed,completed
server_prefill_stress,cache_thrash_round_robin,synthetic_server_prefill_stress,measure_first_turn,True,saturation_zero_gap,hard_thrash,,round_robin,8,8,tp2,socket_vs_myelon_process_runner,fullpass,completed,2,2,full_completion,,,,plain-bear-unfolds-fin-02,"NVIDIA H100 80GB HBM3,NVIDIA H100 80GB HBM3",Qwen/Qwen3-30B-A3B,Qwen3MoeForCausalLM,True,/root/Documents/myelon-launch/vllm.rs/artifacts/h100_bridge_campaign_20260406/qwen30ba3b_tp2_server_cache_thrash_rr_v4/report.json,runner,myelon,observed_cpu_swap_usage_percent_max,0.0,0.0,,completed,completed
server_prefill_stress,cache_thrash_round_robin,synthetic_server_prefill_stress,measure_first_turn,True,saturation_zero_gap,hard_thrash,,round_robin,8,8,tp2,socket_vs_myelon_process_runner,fullpass,completed,2,2,full_completion,,,,plain-bear-unfolds-fin-02,"NVIDIA H100 80GB HBM3,NVIDIA H100 80GB HBM3",Qwen/Qwen3-30B-A3B,Qwen3MoeForCausalLM,True,/root/Documents/myelon-launch/vllm.rs/artifacts/h100_bridge_campaign_20260406/qwen30ba3b_tp2_server_cache_thrash_rr_v4/report.json,runner,myelon,observed_prefix_cache_miss_count,65.0,65.0,0.0,completed,completed
server_prefill_stress,cache_thrash_round_robin,synthetic_server_prefill_stress,measure_first_turn,True,saturation_zero_gap,hard_thrash,,round_robin,8,8,tp2,socket_vs_myelon_process_runner,fullpass,completed,2,2,full_completion,,,,plain-bear-unfolds-fin-02,"NVIDIA H100 80GB HBM3,NVIDIA H100 80GB HBM3",Qwen/Qwen3-30B-A3B,Qwen3MoeForCausalLM,True,/root/Documents/myelon-launch/vllm.rs/artifacts/h100_bridge_campaign_20260406/qwen30ba3b_tp2_server_cache_thrash_rr_v4/report.json,runner,myelon,observed_prefix_cache_insert_count,65.0,65.0,0.0,completed,completed
server_prefill_stress,cache_thrash_round_robin,synthetic_server_prefill_stress,measure_first_turn,True,saturation_zero_gap,hard_thrash,,round_robin,8,8,tp2,socket_vs_myelon_process_runner,fullpass,completed,2,2,full_completion,,,,plain-bear-unfolds-fin-02,"NVIDIA H100 80GB HBM3,NVIDIA H100 80GB HBM3",Qwen/Qwen3-30B-A3B,Qwen3MoeForCausalLM,True,/root/Documents/myelon-launch/vllm.rs/artifacts/h100_bridge_campaign_20260406/qwen30ba3b_tp2_server_cache_thrash_rr_v4/report.json,runner,myelon,observed_prefix_cache_eviction_count,0.0,0.0,,completed,completed
server_prefill_stress,cache_thrash_round_robin,synthetic_server_prefill_stress,measure_first_turn,True,saturation_zero_gap,hard_thrash,,round_robin,8,8,tp2,socket_vs_myelon_process_runner,fullpass,completed,2,2,full_completion,,,,plain-bear-unfolds-fin-02,"NVIDIA H100 80GB HBM3,NVIDIA H100 80GB HBM3",Qwen/Qwen3-30B-A3B,Qwen3MoeForCausalLM,True,/root/Documents/myelon-launch/vllm.rs/artifacts/h100_bridge_campaign_20260406/qwen30ba3b_tp2_server_cache_thrash_rr_v5/report.json,runner,myelon,requests_per_sec,1.325,1.336,0.8302,completed,completed
server_prefill_stress,cache_thrash_round_robin,synthetic_server_prefill_stress,measure_first_turn,True,saturation_zero_gap,hard_thrash,,round_robin,8,8,tp2,socket_vs_myelon_process_runner,fullpass,completed,2,2,full_completion,,,,plain-bear-unfolds-fin-02,"NVIDIA H100 80GB HBM3,NVIDIA H100 80GB HBM3",Qwen/Qwen3-30B-A3B,Qwen3MoeForCausalLM,True,/root/Documents/myelon-launch/vllm.rs/artifacts/h100_bridge_campaign_20260406/qwen30ba3b_tp2_server_cache_thrash_rr_v5/report.json,runner,myelon,runtime_sec,54.355,53.899,-0.8389,completed,completed
server_prefill_stress,cache_thrash_round_robin,synthetic_server_prefill_stress,measure_first_turn,True,saturation_zero_gap,hard_thrash,,round_robin,8,8,tp2,socket_vs_myelon_process_runner,fullpass,completed,2,2,full_completion,,,,plain-bear-unfolds-fin-02,"NVIDIA H100 80GB HBM3,NVIDIA H100 80GB HBM3",Qwen/Qwen3-30B-A3B,Qwen3MoeForCausalLM,True,/root/Documents/myelon-launch/vllm.rs/artifacts/h100_bridge_campaign_20260406/qwen30ba3b_tp2_server_cache_thrash_rr_v5/report.json,runner,myelon,ttft_ms_mean,5048.022,4614.248,-8.5929,completed,completed
server_prefill_stress,cache_thrash_round_robin,synthetic_server_prefill_stress,measure_first_turn,True,saturation_zero_gap,hard_thrash,,round_robin,8,8,tp2,socket_vs_myelon_process_runner,fullpass,completed,2,2,full_completion,,,,plain-bear-unfolds-fin-02,"NVIDIA H100 80GB HBM3,NVIDIA H100 80GB HBM3",Qwen/Qwen3-30B-A3B,Qwen3MoeForCausalLM,True,/root/Documents/myelon-launch/vllm.rs/artifacts/h100_bridge_campaign_20260406/qwen30ba3b_tp2_server_cache_thrash_rr_v5/report.json,runner,myelon,tpot_ms_mean,94.156,150.585,59.9314,completed,completed
server_prefill_stress,cache_thrash_round_robin,synthetic_server_prefill_stress,measure_first_turn,True,saturation_zero_gap,hard_thrash,,round_robin,8,8,tp2,socket_vs_myelon_process_runner,fullpass,completed,2,2,full_completion,,,,plain-bear-unfolds-fin-02,"NVIDIA H100 80GB HBM3,NVIDIA H100 80GB HBM3",Qwen/Qwen3-30B-A3B,Qwen3MoeForCausalLM,True,/root/Documents/myelon-launch/vllm.rs/artifacts/h100_bridge_campaign_20260406/qwen30ba3b_tp2_server_cache_thrash_rr_v5/report.json,runner,myelon,latency_ms_mean,5707.112,5668.341,-0.6793,completed,completed
server_prefill_stress,cache_thrash_round_robin,synthetic_server_prefill_stress,measure_first_turn,True,saturation_zero_gap,hard_thrash,,round_robin,8,8,tp2,socket_vs_myelon_process_runner,fullpass,completed,2,2,full_completion,,,,plain-bear-unfolds-fin-02,"NVIDIA H100 80GB HBM3,NVIDIA H100 80GB HBM3",Qwen/Qwen3-30B-A3B,Qwen3MoeForCausalLM,True,/root/Documents/myelon-launch/vllm.rs/artifacts/h100_bridge_campaign_20260406/qwen30ba3b_tp2_server_cache_thrash_rr_v5/report.json,runner,myelon,observed_gpu_kv_usage_percent_max,3.0,5.3,76.6667,completed,completed
server_prefill_stress,cache_thrash_round_robin,synthetic_server_prefill_stress,measure_first_turn,True,saturation_zero_gap,hard_thrash,,round_robin,8,8,tp2,socket_vs_myelon_process_runner,fullpass,completed,2,2,full_completion,,,,plain-bear-unfolds-fin-02,"NVIDIA H100 80GB HBM3,NVIDIA H100 80GB HBM3",Qwen/Qwen3-30B-A3B,Qwen3MoeForCausalLM,True,/root/Documents/myelon-launch/vllm.rs/artifacts/h100_bridge_campaign_20260406/qwen30ba3b_tp2_server_cache_thrash_rr_v5/report.json,runner,myelon,observed_cpu_swap_usage_percent_max,0.0,0.0,,completed,completed
server_prefill_stress,cache_thrash_round_robin,synthetic_server_prefill_stress,measure_first_turn,True,saturation_zero_gap,hard_thrash,,round_robin,8,8,tp2,socket_vs_myelon_process_runner,fullpass,completed,2,2,full_completion,,,,plain-bear-unfolds-fin-02,"NVIDIA H100 80GB HBM3,NVIDIA H100 80GB HBM3",Qwen/Qwen3-30B-A3B,Qwen3MoeForCausalLM,True,/root/Documents/myelon-launch/vllm.rs/artifacts/h100_bridge_campaign_20260406/qwen30ba3b_tp2_server_cache_thrash_rr_v5/report.json,runner,myelon,observed_prefix_cache_miss_count,72.0,72.0,0.0,completed,completed
server_prefill_stress,cache_thrash_round_robin,synthetic_server_prefill_stress,measure_first_turn,True,saturation_zero_gap,hard_thrash,,round_robin,8,8,tp2,socket_vs_myelon_process_runner,fullpass,completed,2,2,full_completion,,,,plain-bear-unfolds-fin-02,"NVIDIA H100 80GB HBM3,NVIDIA H100 80GB HBM3",Qwen/Qwen3-30B-A3B,Qwen3MoeForCausalLM,True,/root/Documents/myelon-launch/vllm.rs/artifacts/h100_bridge_campaign_20260406/qwen30ba3b_tp2_server_cache_thrash_rr_v5/report.json,runner,myelon,observed_prefix_cache_insert_count,72.0,72.0,0.0,completed,completed
server_prefill_stress,cache_thrash_round_robin,synthetic_server_prefill_stress,measure_first_turn,True,saturation_zero_gap,hard_thrash,,round_robin,8,8,tp2,socket_vs_myelon_process_runner,fullpass,completed,2,2,full_completion,,,,plain-bear-unfolds-fin-02,"NVIDIA H100 80GB HBM3,NVIDIA H100 80GB HBM3",Qwen/Qwen3-30B-A3B,Qwen3MoeForCausalLM,True,/root/Documents/myelon-launch/vllm.rs/artifacts/h100_bridge_campaign_20260406/qwen30ba3b_tp2_server_cache_thrash_rr_v5/report.json,runner,myelon,observed_prefix_cache_eviction_count,0.0,0.0,,completed,completed
server_prefill_stress,cache_thrash_round_robin,synthetic_server_prefill_stress,measure_first_turn,True,saturation_zero_gap,hard_thrash,,round_robin,8,8,tp2,socket_vs_myelon_process_runner,fullpass,completed,2,2,full_completion,,,,hazy-instance-completes-fin-02,"NVIDIA H100 80GB HBM3,NVIDIA H100 80GB HBM3",Qwen/Qwen3-30B-A3B,Qwen3MoeForCausalLM,True,/root/Documents/myelon-launch/vllm.rs/artifacts/h100_bridge_campaign_20260406/qwen30ba3b_tp2_server_cache_thrash_rr_v8/report.json,runner,myelon,requests_per_sec,0.369,0.391,5.9621,completed,completed
server_prefill_stress,cache_thrash_round_robin,synthetic_server_prefill_stress,measure_first_turn,True,saturation_zero_gap,hard_thrash,,round_robin,8,8,tp2,socket_vs_myelon_process_runner,fullpass,completed,2,2,full_completion,,,,hazy-instance-completes-fin-02,"NVIDIA H100 80GB HBM3,NVIDIA H100 80GB HBM3",Qwen/Qwen3-30B-A3B,Qwen3MoeForCausalLM,True,/root/Documents/myelon-launch/vllm.rs/artifacts/h100_bridge_campaign_20260406/qwen30ba3b_tp2_server_cache_thrash_rr_v8/report.json,runner,myelon,runtime_sec,119.179,97.143,-18.4898,completed,completed
server_prefill_stress,cache_thrash_round_robin,synthetic_server_prefill_stress,measure_first_turn,True,saturation_zero_gap,hard_thrash,,round_robin,8,8,tp2,socket_vs_myelon_process_runner,fullpass,completed,2,2,full_completion,,,,hazy-instance-completes-fin-02,"NVIDIA H100 80GB HBM3,NVIDIA H100 80GB HBM3",Qwen/Qwen3-30B-A3B,Qwen3MoeForCausalLM,True,/root/Documents/myelon-launch/vllm.rs/artifacts/h100_bridge_campaign_20260406/qwen30ba3b_tp2_server_cache_thrash_rr_v8/report.json,runner,myelon,ttft_ms_mean,43203.94,44262.03,2.4491,completed,completed
server_prefill_stress,cache_thrash_round_robin,synthetic_server_prefill_stress,measure_first_turn,True,saturation_zero_gap,hard_thrash,,round_robin,8,8,tp2,socket_vs_myelon_process_runner,fullpass,completed,2,2,full_completion,,,,hazy-instance-completes-fin-02,"NVIDIA H100 80GB HBM3,NVIDIA H100 80GB HBM3",Qwen/Qwen3-30B-A3B,Qwen3MoeForCausalLM,True,/root/Documents/myelon-launch/vllm.rs/artifacts/h100_bridge_campaign_20260406/qwen30ba3b_tp2_server_cache_thrash_rr_v8/report.json,runner,myelon,tpot_ms_mean,4223.45,3786.8,-10.3387,completed,completed
server_prefill_stress,cache_thrash_round_robin,synthetic_server_prefill_stress,measure_first_turn,True,saturation_zero_gap,hard_thrash,,round_robin,8,8,tp2,socket_vs_myelon_process_runner,fullpass,completed,2,2,full_completion,,,,hazy-instance-completes-fin-02,"NVIDIA H100 80GB HBM3,NVIDIA H100 80GB HBM3",Qwen/Qwen3-30B-A3B,Qwen3MoeForCausalLM,True,/root/Documents/myelon-launch/vllm.rs/artifacts/h100_bridge_campaign_20260406/qwen30ba3b_tp2_server_cache_thrash_rr_v8/report.json,runner,myelon,latency_ms_mean,72768.07,70769.65,-2.7463,completed,completed
server_prefill_stress,cache_thrash_round_robin,synthetic_server_prefill_stress,measure_first_turn,True,saturation_zero_gap,hard_thrash,,round_robin,8,8,tp2,socket_vs_myelon_process_runner,fullpass,completed,2,2,full_completion,,,,hazy-instance-completes-fin-02,"NVIDIA H100 80GB HBM3,NVIDIA H100 80GB HBM3",Qwen/Qwen3-30B-A3B,Qwen3MoeForCausalLM,True,/root/Documents/myelon-launch/vllm.rs/artifacts/h100_bridge_campaign_20260406/qwen30ba3b_tp2_server_cache_thrash_rr_v8/report.json,runner,myelon,observed_gpu_kv_usage_percent_max,95.8,97.3,1.5658,completed,completed
server_prefill_stress,cache_thrash_round_robin,synthetic_server_prefill_stress,measure_first_turn,True,saturation_zero_gap,hard_thrash,,round_robin,8,8,tp2,socket_vs_myelon_process_runner,fullpass,completed,2,2,full_completion,,,,hazy-instance-completes-fin-02,"NVIDIA H100 80GB HBM3,NVIDIA H100 80GB HBM3",Qwen/Qwen3-30B-A3B,Qwen3MoeForCausalLM,True,/root/Documents/myelon-launch/vllm.rs/artifacts/h100_bridge_campaign_20260406/qwen30ba3b_tp2_server_cache_thrash_rr_v8/report.json,runner,myelon,observed_cpu_swap_usage_percent_max,0.0,0.0,,completed,completed
server_prefill_stress,cache_thrash_round_robin,synthetic_server_prefill_stress,measure_first_turn,True,saturation_zero_gap,hard_thrash,,round_robin,8,8,tp2,socket_vs_myelon_process_runner,fullpass,completed,2,2,full_completion,,,,hazy-instance-completes-fin-02,"NVIDIA H100 80GB HBM3,NVIDIA H100 80GB HBM3",Qwen/Qwen3-30B-A3B,Qwen3MoeForCausalLM,True,/root/Documents/myelon-launch/vllm.rs/artifacts/h100_bridge_campaign_20260406/qwen30ba3b_tp2_server_cache_thrash_rr_v8/report.json,runner,myelon,observed_prefix_cache_miss_count,44.0,38.0,-13.6364,completed,completed
server_prefill_stress,cache_thrash_round_robin,synthetic_server_prefill_stress,measure_first_turn,True,saturation_zero_gap,hard_thrash,,round_robin,8,8,tp2,socket_vs_myelon_process_runner,fullpass,completed,2,2,full_completion,,,,hazy-instance-completes-fin-02,"NVIDIA H100 80GB HBM3,NVIDIA H100 80GB HBM3",Qwen/Qwen3-30B-A3B,Qwen3MoeForCausalLM,True,/root/Documents/myelon-launch/vllm.rs/artifacts/h100_bridge_campaign_20260406/qwen30ba3b_tp2_server_cache_thrash_rr_v8/report.json,runner,myelon,observed_prefix_cache_insert_count,44.0,38.0,-13.6364,completed,completed
server_prefill_stress,cache_thrash_round_robin,synthetic_server_prefill_stress,measure_first_turn,True,saturation_zero_gap,hard_thrash,,round_robin,8,8,tp2,socket_vs_myelon_process_runner,fullpass,completed,2,2,full_completion,,,,hazy-instance-completes-fin-02,"NVIDIA H100 80GB HBM3,NVIDIA H100 80GB HBM3",Qwen/Qwen3-30B-A3B,Qwen3MoeForCausalLM,True,/root/Documents/myelon-launch/vllm.rs/artifacts/h100_bridge_campaign_20260406/qwen30ba3b_tp2_server_cache_thrash_rr_v8/report.json,runner,myelon,observed_prefix_cache_eviction_count,0.0,0.0,,completed,completed
server_prefill_stress,fixed_prompt_burst,synthetic_server_fixed_prompt_burst,measure_first_turn,True,saturation_zero_gap,relaxed,fixed_prompt_burst_bridge,round_robin,1,1,tp2,socket_vs_myelon_process_runner,fullpass,completed,,2,full_completion,,,,plain-bear-unfolds-fin-02,"NVIDIA H100 80GB HBM3,NVIDIA H100 80GB HBM3",Qwen/Qwen3-30B-A3B,Qwen3MoeForCausalLM,True,/root/Documents/myelon-launch/vllm.rs/artifacts/h100_bridge_campaign_20260406/qwen30ba3b_tp2_server_fixed_prompt_v2/report.json,runner,myelon,requests_per_sec,2.05,2.298,12.0976,completed,completed
server_prefill_stress,fixed_prompt_burst,synthetic_server_fixed_prompt_burst,measure_first_turn,True,saturation_zero_gap,relaxed,fixed_prompt_burst_bridge,round_robin,1,1,tp2,socket_vs_myelon_process_runner,fullpass,completed,,2,full_completion,,,,plain-bear-unfolds-fin-02,"NVIDIA H100 80GB HBM3,NVIDIA H100 80GB HBM3",Qwen/Qwen3-30B-A3B,Qwen3MoeForCausalLM,True,/root/Documents/myelon-launch/vllm.rs/artifacts/h100_bridge_campaign_20260406/qwen30ba3b_tp2_server_fixed_prompt_v2/report.json,runner,myelon,runtime_sec,0.488,0.435,-10.8607,completed,completed
server_prefill_stress,fixed_prompt_burst,synthetic_server_fixed_prompt_burst,measure_first_turn,True,saturation_zero_gap,relaxed,fixed_prompt_burst_bridge,round_robin,1,1,tp2,socket_vs_myelon_process_runner,fullpass,completed,,2,full_completion,,,,plain-bear-unfolds-fin-02,"NVIDIA H100 80GB HBM3,NVIDIA H100 80GB HBM3",Qwen/Qwen3-30B-A3B,Qwen3MoeForCausalLM,True,/root/Documents/myelon-launch/vllm.rs/artifacts/h100_bridge_campaign_20260406/qwen30ba3b_tp2_server_fixed_prompt_v2/report.json,runner,myelon,observed_gpu_kv_usage_percent_max,0.0,0.0,,completed,completed
server_prefill_stress,fixed_prompt_burst,synthetic_server_fixed_prompt_burst,measure_first_turn,True,saturation_zero_gap,relaxed,fixed_prompt_burst_bridge,round_robin,1,1,tp2,socket_vs_myelon_process_runner,fullpass,completed,,2,full_completion,,,,plain-bear-unfolds-fin-02,"NVIDIA H100 80GB HBM3,NVIDIA H100 80GB HBM3",Qwen/Qwen3-30B-A3B,Qwen3MoeForCausalLM,True,/root/Documents/myelon-launch/vllm.rs/artifacts/h100_bridge_campaign_20260406/qwen30ba3b_tp2_server_fixed_prompt_v2/report.json,runner,myelon,observed_cpu_swap_usage_percent_max,0.0,0.0,,completed,completed
server_prefill_stress,fixed_prompt_burst,synthetic_server_fixed_prompt_burst,measure_first_turn,True,saturation_zero_gap,relaxed,fixed_prompt_burst_bridge,round_robin,1,1,tp2,socket_vs_myelon_process_runner,fullpass,completed,,2,full_completion,,,,plain-bear-unfolds-fin-02,"NVIDIA H100 80GB HBM3,NVIDIA H100 80GB HBM3",Qwen/Qwen3-30B-A3B,Qwen3MoeForCausalLM,True,/root/Documents/myelon-launch/vllm.rs/artifacts/h100_bridge_campaign_20260406/qwen30ba3b_tp2_server_fixed_prompt_v2/report.json,runner,myelon,observed_prefix_cache_miss_count,0.0,0.0,,completed,completed
server_prefill_stress,fixed_prompt_burst,synthetic_server_fixed_prompt_burst,measure_first_turn,True,saturation_zero_gap,relaxed,fixed_prompt_burst_bridge,round_robin,1,1,tp2,socket_vs_myelon_process_runner,fullpass,completed,,2,full_completion,,,,plain-bear-unfolds-fin-02,"NVIDIA H100 80GB HBM3,NVIDIA H100 80GB HBM3",Qwen/Qwen3-30B-A3B,Qwen3MoeForCausalLM,True,/root/Documents/myelon-launch/vllm.rs/artifacts/h100_bridge_campaign_20260406/qwen30ba3b_tp2_server_fixed_prompt_v2/report.json,runner,myelon,observed_prefix_cache_insert_count,0.0,0.0,,completed,completed
server_prefill_stress,fixed_prompt_burst,synthetic_server_fixed_prompt_burst,measure_first_turn,True,saturation_zero_gap,relaxed,fixed_prompt_burst_bridge,round_robin,1,1,tp2,socket_vs_myelon_process_runner,fullpass,completed,,2,full_completion,,,,plain-bear-unfolds-fin-02,"NVIDIA H100 80GB HBM3,NVIDIA H100 80GB HBM3",Qwen/Qwen3-30B-A3B,Qwen3MoeForCausalLM,True,/root/Documents/myelon-launch/vllm.rs/artifacts/h100_bridge_campaign_20260406/qwen30ba3b_tp2_server_fixed_prompt_v2/report.json,runner,myelon,observed_prefix_cache_eviction_count,0.0,0.0,,completed,completed
server_prefill_stress,fixed_prompt_burst,synthetic_server_fixed_prompt_burst,measure_first_turn,True,saturation_zero_gap,relaxed,fixed_prompt_burst_bridge,round_robin,1,1,tp2,socket_vs_myelon_process_runner,fullpass,completed,,2,full_completion,,,,plain-bear-unfolds-fin-02,"NVIDIA H100 80GB HBM3,NVIDIA H100 80GB HBM3",Qwen/Qwen3-30B-A3B,Qwen3MoeForCausalLM,True,/root/Documents/myelon-launch/vllm.rs/artifacts/h100_bridge_campaign_20260406/qwen30ba3b_tp2_server_fixed_prompt_v256/report.json,runner,myelon,requests_per_sec,17.754,18.545,4.4553,completed,completed
server_prefill_stress,fixed_prompt_burst,synthetic_server_fixed_prompt_burst,measure_first_turn,True,saturation_zero_gap,relaxed,fixed_prompt_burst_bridge,round_robin,1,1,tp2,socket_vs_myelon_process_runner,fullpass,completed,,2,full_completion,,,,plain-bear-unfolds-fin-02,"NVIDIA H100 80GB HBM3,NVIDIA H100 80GB HBM3",Qwen/Qwen3-30B-A3B,Qwen3MoeForCausalLM,True,/root/Documents/myelon-launch/vllm.rs/artifacts/h100_bridge_campaign_20260406/qwen30ba3b_tp2_server_fixed_prompt_v256/report.json,runner,myelon,runtime_sec,14.419,13.805,-4.2583,completed,completed
server_prefill_stress,fixed_prompt_burst,synthetic_server_fixed_prompt_burst,measure_first_turn,True,saturation_zero_gap,relaxed,fixed_prompt_burst_bridge,round_robin,1,1,tp2,socket_vs_myelon_process_runner,fullpass,completed,,2,full_completion,,,,plain-bear-unfolds-fin-02,"NVIDIA H100 80GB HBM3,NVIDIA H100 80GB HBM3",Qwen/Qwen3-30B-A3B,Qwen3MoeForCausalLM,True,/root/Documents/myelon-launch/vllm.rs/artifacts/h100_bridge_campaign_20260406/qwen30ba3b_tp2_server_fixed_prompt_v256/report.json,runner,myelon,ttft_ms_mean,9854.32,9460.32,-3.9982,completed,completed
server_prefill_stress,fixed_prompt_burst,synthetic_server_fixed_prompt_burst,measure_first_turn,True,saturation_zero_gap,relaxed,fixed_prompt_burst_bridge,round_robin,1,1,tp2,socket_vs_myelon_process_runner,fullpass,completed,,2,full_completion,,,,plain-bear-unfolds-fin-02,"NVIDIA H100 80GB HBM3,NVIDIA H100 80GB HBM3",Qwen/Qwen3-30B-A3B,Qwen3MoeForCausalLM,True,/root/Documents/myelon-launch/vllm.rs/artifacts/h100_bridge_campaign_20260406/qwen30ba3b_tp2_server_fixed_prompt_v256/report.json,runner,myelon,tpot_ms_mean,0.0,0.0,,completed,completed
server_prefill_stress,fixed_prompt_burst,synthetic_server_fixed_prompt_burst,measure_first_turn,True,saturation_zero_gap,relaxed,fixed_prompt_burst_bridge,round_robin,1,1,tp2,socket_vs_myelon_process_runner,fullpass,completed,,2,full_completion,,,,plain-bear-unfolds-fin-02,"NVIDIA H100 80GB HBM3,NVIDIA H100 80GB HBM3",Qwen/Qwen3-30B-A3B,Qwen3MoeForCausalLM,True,/root/Documents/myelon-launch/vllm.rs/artifacts/h100_bridge_campaign_20260406/qwen30ba3b_tp2_server_fixed_prompt_v256/report.json,runner,myelon,latency_ms_mean,10639.94,10160.09,-4.5099,completed,completed
server_prefill_stress,fixed_prompt_burst,synthetic_server_fixed_prompt_burst,measure_first_turn,True,saturation_zero_gap,relaxed,fixed_prompt_burst_bridge,round_robin,1,1,tp2,socket_vs_myelon_process_runner,fullpass,completed,,2,full_completion,,,,plain-bear-unfolds-fin-02,"NVIDIA H100 80GB HBM3,NVIDIA H100 80GB HBM3",Qwen/Qwen3-30B-A3B,Qwen3MoeForCausalLM,True,/root/Documents/myelon-launch/vllm.rs/artifacts/h100_bridge_campaign_20260406/qwen30ba3b_tp2_server_fixed_prompt_v256/report.json,runner,myelon,observed_gpu_kv_usage_percent_max,0.7,0.7,0.0,completed,completed
server_prefill_stress,fixed_prompt_burst,synthetic_server_fixed_prompt_burst,measure_first_turn,True,saturation_zero_gap,relaxed,fixed_prompt_burst_bridge,round_robin,1,1,tp2,socket_vs_myelon_process_runner,fullpass,completed,,2,full_completion,,,,plain-bear-unfolds-fin-02,"NVIDIA H100 80GB HBM3,NVIDIA H100 80GB HBM3",Qwen/Qwen3-30B-A3B,Qwen3MoeForCausalLM,True,/root/Documents/myelon-launch/vllm.rs/artifacts/h100_bridge_campaign_20260406/qwen30ba3b_tp2_server_fixed_prompt_v256/report.json,runner,myelon,observed_cpu_swap_usage_percent_max,0.0,0.0,,completed,completed
server_prefill_stress,fixed_prompt_burst,synthetic_server_fixed_prompt_burst,measure_first_turn,True,saturation_zero_gap,relaxed,fixed_prompt_burst_bridge,round_robin,1,1,tp2,socket_vs_myelon_process_runner,fullpass,completed,,2,full_completion,,,,plain-bear-unfolds-fin-02,"NVIDIA H100 80GB HBM3,NVIDIA H100 80GB HBM3",Qwen/Qwen3-30B-A3B,Qwen3MoeForCausalLM,True,/root/Documents/myelon-launch/vllm.rs/artifacts/h100_bridge_campaign_20260406/qwen30ba3b_tp2_server_fixed_prompt_v256/report.json,runner,myelon,observed_prefix_cache_miss_count,0.0,0.0,,completed,completed
server_prefill_stress,fixed_prompt_burst,synthetic_server_fixed_prompt_burst,measure_first_turn,True,saturation_zero_gap,relaxed,fixed_prompt_burst_bridge,round_robin,1,1,tp2,socket_vs_myelon_process_runner,fullpass,completed,,2,full_completion,,,,plain-bear-unfolds-fin-02,"NVIDIA H100 80GB HBM3,NVIDIA H100 80GB HBM3",Qwen/Qwen3-30B-A3B,Qwen3MoeForCausalLM,True,/root/Documents/myelon-launch/vllm.rs/artifacts/h100_bridge_campaign_20260406/qwen30ba3b_tp2_server_fixed_prompt_v256/report.json,runner,myelon,observed_prefix_cache_insert_count,0.0,0.0,,completed,completed
server_prefill_stress,fixed_prompt_burst,synthetic_server_fixed_prompt_burst,measure_first_turn,True,saturation_zero_gap,relaxed,fixed_prompt_burst_bridge,round_robin,1,1,tp2,socket_vs_myelon_process_runner,fullpass,completed,,2,full_completion,,,,plain-bear-unfolds-fin-02,"NVIDIA H100 80GB HBM3,NVIDIA H100 80GB HBM3",Qwen/Qwen3-30B-A3B,Qwen3MoeForCausalLM,True,/root/Documents/myelon-launch/vllm.rs/artifacts/h100_bridge_campaign_20260406/qwen30ba3b_tp2_server_fixed_prompt_v256/report.json,runner,myelon,observed_prefix_cache_eviction_count,0.0,0.0,,completed,completed
server_prefill_stress,fixed_prompt_burst,synthetic_server_fixed_prompt_burst,measure_first_turn,True,saturation_zero_gap,relaxed,fixed_prompt_burst_bridge,round_robin,1,1,tp2,socket_vs_myelon_process_runner,fullpass,completed,2,2,full_completion,,,,plain-bear-unfolds-fin-02,"NVIDIA H100 80GB HBM3,NVIDIA H100 80GB HBM3",Qwen/Qwen3-30B-A3B,Qwen3MoeForCausalLM,True,/root/Documents/myelon-launch/vllm.rs/artifacts/h100_bridge_campaign_20260406/qwen30ba3b_tp2_server_fixed_prompt_v256c/report.json,runner,myelon,requests_per_sec,17.716,18.027,1.7555,completed,completed
server_prefill_stress,fixed_prompt_burst,synthetic_server_fixed_prompt_burst,measure_first_turn,True,saturation_zero_gap,relaxed,fixed_prompt_burst_bridge,round_robin,1,1,tp2,socket_vs_myelon_process_runner,fullpass,completed,2,2,full_completion,,,,plain-bear-unfolds-fin-02,"NVIDIA H100 80GB HBM3,NVIDIA H100 80GB HBM3",Qwen/Qwen3-30B-A3B,Qwen3MoeForCausalLM,True,/root/Documents/myelon-launch/vllm.rs/artifacts/h100_bridge_campaign_20260406/qwen30ba3b_tp2_server_fixed_prompt_v256c/report.json,runner,myelon,runtime_sec,14.451,14.201,-1.73,completed,completed
server_prefill_stress,fixed_prompt_burst,synthetic_server_fixed_prompt_burst,measure_first_turn,True,saturation_zero_gap,relaxed,fixed_prompt_burst_bridge,round_robin,1,1,tp2,socket_vs_myelon_process_runner,fullpass,completed,2,2,full_completion,,,,plain-bear-unfolds-fin-02,"NVIDIA H100 80GB HBM3,NVIDIA H100 80GB HBM3",Qwen/Qwen3-30B-A3B,Qwen3MoeForCausalLM,True,/root/Documents/myelon-launch/vllm.rs/artifacts/h100_bridge_campaign_20260406/qwen30ba3b_tp2_server_fixed_prompt_v256c/report.json,runner,myelon,ttft_ms_mean,9671.85,9697.25,0.2626,completed,completed
server_prefill_stress,fixed_prompt_burst,synthetic_server_fixed_prompt_burst,measure_first_turn,True,saturation_zero_gap,relaxed,fixed_prompt_burst_bridge,round_robin,1,1,tp2,socket_vs_myelon_process_runner,fullpass,completed,2,2,full_completion,,,,plain-bear-unfolds-fin-02,"NVIDIA H100 80GB HBM3,NVIDIA H100 80GB HBM3",Qwen/Qwen3-30B-A3B,Qwen3MoeForCausalLM,True,/root/Documents/myelon-launch/vllm.rs/artifacts/h100_bridge_campaign_20260406/qwen30ba3b_tp2_server_fixed_prompt_v256c/report.json,runner,myelon,tpot_ms_mean,0.0,0.0,,completed,completed
server_prefill_stress,fixed_prompt_burst,synthetic_server_fixed_prompt_burst,measure_first_turn,True,saturation_zero_gap,relaxed,fixed_prompt_burst_bridge,round_robin,1,1,tp2,socket_vs_myelon_process_runner,fullpass,completed,2,2,full_completion,,,,plain-bear-unfolds-fin-02,"NVIDIA H100 80GB HBM3,NVIDIA H100 80GB HBM3",Qwen/Qwen3-30B-A3B,Qwen3MoeForCausalLM,True,/root/Documents/myelon-launch/vllm.rs/artifacts/h100_bridge_campaign_20260406/qwen30ba3b_tp2_server_fixed_prompt_v256c/report.json,runner,myelon,latency_ms_mean,10390.2,10406.74,0.1592,completed,completed
server_prefill_stress,fixed_prompt_burst,synthetic_server_fixed_prompt_burst,measure_first_turn,True,saturation_zero_gap,relaxed,fixed_prompt_burst_bridge,round_robin,1,1,tp2,socket_vs_myelon_process_runner,fullpass,completed,2,2,full_completion,,,,plain-bear-unfolds-fin-02,"NVIDIA H100 80GB HBM3,NVIDIA H100 80GB HBM3",Qwen/Qwen3-30B-A3B,Qwen3MoeForCausalLM,True,/root/Documents/myelon-launch/vllm.rs/artifacts/h100_bridge_campaign_20260406/qwen30ba3b_tp2_server_fixed_prompt_v256c/report.json,runner,myelon,observed_gpu_kv_usage_percent_max,0.7,0.8,14.2857,completed,completed
server_prefill_stress,fixed_prompt_burst,synthetic_server_fixed_prompt_burst,measure_first_turn,True,saturation_zero_gap,relaxed,fixed_prompt_burst_bridge,round_robin,1,1,tp2,socket_vs_myelon_process_runner,fullpass,completed,2,2,full_completion,,,,plain-bear-unfolds-fin-02,"NVIDIA H100 80GB HBM3,NVIDIA H100 80GB HBM3",Qwen/Qwen3-30B-A3B,Qwen3MoeForCausalLM,True,/root/Documents/myelon-launch/vllm.rs/artifacts/h100_bridge_campaign_20260406/qwen30ba3b_tp2_server_fixed_prompt_v256c/report.json,runner,myelon,observed_cpu_swap_usage_percent_max,0.0,0.0,,completed,completed
server_prefill_stress,fixed_prompt_burst,synthetic_server_fixed_prompt_burst,measure_first_turn,True,saturation_zero_gap,relaxed,fixed_prompt_burst_bridge,round_robin,1,1,tp2,socket_vs_myelon_process_runner,fullpass,completed,2,2,full_completion,,,,plain-bear-unfolds-fin-02,"NVIDIA H100 80GB HBM3,NVIDIA H100 80GB HBM3",Qwen/Qwen3-30B-A3B,Qwen3MoeForCausalLM,True,/root/Documents/myelon-launch/vllm.rs/artifacts/h100_bridge_campaign_20260406/qwen30ba3b_tp2_server_fixed_prompt_v256c/report.json,runner,myelon,observed_prefix_cache_miss_count,0.0,0.0,,completed,completed
server_prefill_stress,fixed_prompt_burst,synthetic_server_fixed_prompt_burst,measure_first_turn,True,saturation_zero_gap,relaxed,fixed_prompt_burst_bridge,round_robin,1,1,tp2,socket_vs_myelon_process_runner,fullpass,completed,2,2,full_completion,,,,plain-bear-unfolds-fin-02,"NVIDIA H100 80GB HBM3,NVIDIA H100 80GB HBM3",Qwen/Qwen3-30B-A3B,Qwen3MoeForCausalLM,True,/root/Documents/myelon-launch/vllm.rs/artifacts/h100_bridge_campaign_20260406/qwen30ba3b_tp2_server_fixed_prompt_v256c/report.json,runner,myelon,observed_prefix_cache_insert_count,0.0,0.0,,completed,completed
server_prefill_stress,fixed_prompt_burst,synthetic_server_fixed_prompt_burst,measure_first_turn,True,saturation_zero_gap,relaxed,fixed_prompt_burst_bridge,round_robin,1,1,tp2,socket_vs_myelon_process_runner,fullpass,completed,2,2,full_completion,,,,plain-bear-unfolds-fin-02,"NVIDIA H100 80GB HBM3,NVIDIA H100 80GB HBM3",Qwen/Qwen3-30B-A3B,Qwen3MoeForCausalLM,True,/root/Documents/myelon-launch/vllm.rs/artifacts/h100_bridge_campaign_20260406/qwen30ba3b_tp2_server_fixed_prompt_v256c/report.json,runner,myelon,observed_prefix_cache_eviction_count,0.0,0.0,,completed,completed
server_prefill_stress,fixed_prompt_burst,synthetic_server_fixed_prompt_burst,measure_first_turn,True,saturation_zero_gap,relaxed,fixed_prompt_burst_bridge,round_robin,1,1,tp2,socket_vs_myelon_process_runner,fullpass,completed,2,2,full_completion,,,,plain-bear-unfolds-fin-02,"NVIDIA H100 80GB HBM3,NVIDIA H100 80GB HBM3",Qwen/Qwen3-30B-A3B,Qwen3MoeForCausalLM,True,/root/Documents/myelon-launch/vllm.rs/artifacts/h100_bridge_campaign_20260406/qwen30ba3b_tp2_server_fixed_prompt_v256d/report.json,runner,myelon,requests_per_sec,12.576,13.772,9.5102,completed,completed
server_prefill_stress,fixed_prompt_burst,synthetic_server_fixed_prompt_burst,measure_first_turn,True,saturation_zero_gap,relaxed,fixed_prompt_burst_bridge,round_robin,1,1,tp2,socket_vs_myelon_process_runner,fullpass,completed,2,2,full_completion,,,,plain-bear-unfolds-fin-02,"NVIDIA H100 80GB HBM3,NVIDIA H100 80GB HBM3",Qwen/Qwen3-30B-A3B,Qwen3MoeForCausalLM,True,/root/Documents/myelon-launch/vllm.rs/artifacts/h100_bridge_campaign_20260406/qwen30ba3b_tp2_server_fixed_prompt_v256d/report.json,runner,myelon,runtime_sec,20.356,18.589,-8.6805,completed,completed
server_prefill_stress,fixed_prompt_burst,synthetic_server_fixed_prompt_burst,measure_first_turn,True,saturation_zero_gap,relaxed,fixed_prompt_burst_bridge,round_robin,1,1,tp2,socket_vs_myelon_process_runner,fullpass,completed,2,2,full_completion,,,,plain-bear-unfolds-fin-02,"NVIDIA H100 80GB HBM3,NVIDIA H100 80GB HBM3",Qwen/Qwen3-30B-A3B,Qwen3MoeForCausalLM,True,/root/Documents/myelon-launch/vllm.rs/artifacts/h100_bridge_campaign_20260406/qwen30ba3b_tp2_server_fixed_prompt_v256d/report.json,runner,myelon,ttft_ms_mean,14527.34,13670.5,-5.8981,completed,completed
server_prefill_stress,fixed_prompt_burst,synthetic_server_fixed_prompt_burst,measure_first_turn,True,saturation_zero_gap,relaxed,fixed_prompt_burst_bridge,round_robin,1,1,tp2,socket_vs_myelon_process_runner,fullpass,completed,2,2,full_completion,,,,plain-bear-unfolds-fin-02,"NVIDIA H100 80GB HBM3,NVIDIA H100 80GB HBM3",Qwen/Qwen3-30B-A3B,Qwen3MoeForCausalLM,True,/root/Documents/myelon-launch/vllm.rs/artifacts/h100_bridge_campaign_20260406/qwen30ba3b_tp2_server_fixed_prompt_v256d/report.json,runner,myelon,tpot_ms_mean,0.0,0.0,,completed,completed
server_prefill_stress,fixed_prompt_burst,synthetic_server_fixed_prompt_burst,measure_first_turn,True,saturation_zero_gap,relaxed,fixed_prompt_burst_bridge,round_robin,1,1,tp2,socket_vs_myelon_process_runner,fullpass,completed,2,2,full_completion,,,,plain-bear-unfolds-fin-02,"NVIDIA H100 80GB HBM3,NVIDIA H100 80GB HBM3",Qwen/Qwen3-30B-A3B,Qwen3MoeForCausalLM,True,/root/Documents/myelon-launch/vllm.rs/artifacts/h100_bridge_campaign_20260406/qwen30ba3b_tp2_server_fixed_prompt_v256d/report.json,runner,myelon,latency_ms_mean,14860.04,13854.79,-6.7648,completed,completed
server_prefill_stress,fixed_prompt_burst,synthetic_server_fixed_prompt_burst,measure_first_turn,True,saturation_zero_gap,relaxed,fixed_prompt_burst_bridge,round_robin,1,1,tp2,socket_vs_myelon_process_runner,fullpass,completed,2,2,full_completion,,,,plain-bear-unfolds-fin-02,"NVIDIA H100 80GB HBM3,NVIDIA H100 80GB HBM3",Qwen/Qwen3-30B-A3B,Qwen3MoeForCausalLM,True,/root/Documents/myelon-launch/vllm.rs/artifacts/h100_bridge_campaign_20260406/qwen30ba3b_tp2_server_fixed_prompt_v256d/report.json,runner,myelon,observed_gpu_kv_usage_percent_max,0.0,0.0,,completed,completed
server_prefill_stress,fixed_prompt_burst,synthetic_server_fixed_prompt_burst,measure_first_turn,True,saturation_zero_gap,relaxed,fixed_prompt_burst_bridge,round_robin,1,1,tp2,socket_vs_myelon_process_runner,fullpass,completed,2,2,full_completion,,,,plain-bear-unfolds-fin-02,"NVIDIA H100 80GB HBM3,NVIDIA H100 80GB HBM3",Qwen/Qwen3-30B-A3B,Qwen3MoeForCausalLM,True,/root/Documents/myelon-launch/vllm.rs/artifacts/h100_bridge_campaign_20260406/qwen30ba3b_tp2_server_fixed_prompt_v256d/report.json,runner,myelon,observed_cpu_swap_usage_percent_max,0.0,0.0,,completed,completed
server_prefill_stress,fixed_prompt_burst,synthetic_server_fixed_prompt_burst,measure_first_turn,True,saturation_zero_gap,relaxed,fixed_prompt_burst_bridge,round_robin,1,1,tp2,socket_vs_myelon_process_runner,fullpass,completed,2,2,full_completion,,,,plain-bear-unfolds-fin-02,"NVIDIA H100 80GB HBM3,NVIDIA H100 80GB HBM3",Qwen/Qwen3-30B-A3B,Qwen3MoeForCausalLM,True,/root/Documents/myelon-launch/vllm.rs/artifacts/h100_bridge_campaign_20260406/qwen30ba3b_tp2_server_fixed_prompt_v256d/report.json,runner,myelon,observed_prefix_cache_miss_count,0.0,0.0,,completed,completed
server_prefill_stress,fixed_prompt_burst,synthetic_server_fixed_prompt_burst,measure_first_turn,True,saturation_zero_gap,relaxed,fixed_prompt_burst_bridge,round_robin,1,1,tp2,socket_vs_myelon_process_runner,fullpass,completed,2,2,full_completion,,,,plain-bear-unfolds-fin-02,"NVIDIA H100 80GB HBM3,NVIDIA H100 80GB HBM3",Qwen/Qwen3-30B-A3B,Qwen3MoeForCausalLM,True,/root/Documents/myelon-launch/vllm.rs/artifacts/h100_bridge_campaign_20260406/qwen30ba3b_tp2_server_fixed_prompt_v256d/report.json,runner,myelon,observed_prefix_cache_insert_count,0.0,0.0,,completed,completed
server_prefill_stress,fixed_prompt_burst,synthetic_server_fixed_prompt_burst,measure_first_turn,True,saturation_zero_gap,relaxed,fixed_prompt_burst_bridge,round_robin,1,1,tp2,socket_vs_myelon_process_runner,fullpass,completed,2,2,full_completion,,,,plain-bear-unfolds-fin-02,"NVIDIA H100 80GB HBM3,NVIDIA H100 80GB HBM3",Qwen/Qwen3-30B-A3B,Qwen3MoeForCausalLM,True,/root/Documents/myelon-launch/vllm.rs/artifacts/h100_bridge_campaign_20260406/qwen30ba3b_tp2_server_fixed_prompt_v256d/report.json,runner,myelon,observed_prefix_cache_eviction_count,0.0,0.0,,completed,completed
server_prefill_stress,fixed_prompt_burst,synthetic_server_fixed_prompt_burst,measure_first_turn,True,saturation_zero_gap,relaxed,fixed_prompt_burst_bridge,round_robin,1,1,tp2,socket_vs_myelon_process_runner,fullpass,completed,,2,full_completion,,,,plain-bear-unfolds-fin-02,"NVIDIA H100 80GB HBM3,NVIDIA H100 80GB HBM3",Qwen/Qwen3-30B-A3B,Qwen3MoeForCausalLM,True,/root/Documents/myelon-launch/vllm.rs/artifacts/h100_bridge_campaign_20260406/qwen30ba3b_tp2_server_fixed_prompt_v3/report.json,runner,myelon,requests_per_sec,10.839,11.43,5.4525,completed,completed
server_prefill_stress,fixed_prompt_burst,synthetic_server_fixed_prompt_burst,measure_first_turn,True,saturation_zero_gap,relaxed,fixed_prompt_burst_bridge,round_robin,1,1,tp2,socket_vs_myelon_process_runner,fullpass,completed,,2,full_completion,,,,plain-bear-unfolds-fin-02,"NVIDIA H100 80GB HBM3,NVIDIA H100 80GB HBM3",Qwen/Qwen3-30B-A3B,Qwen3MoeForCausalLM,True,/root/Documents/myelon-launch/vllm.rs/artifacts/h100_bridge_campaign_20260406/qwen30ba3b_tp2_server_fixed_prompt_v3/report.json,runner,myelon,runtime_sec,2.952,2.8,-5.1491,completed,completed
server_prefill_stress,fixed_prompt_burst,synthetic_server_fixed_prompt_burst,measure_first_turn,True,saturation_zero_gap,relaxed,fixed_prompt_burst_bridge,round_robin,1,1,tp2,socket_vs_myelon_process_runner,fullpass,completed,,2,full_completion,,,,plain-bear-unfolds-fin-02,"NVIDIA H100 80GB HBM3,NVIDIA H100 80GB HBM3",Qwen/Qwen3-30B-A3B,Qwen3MoeForCausalLM,True,/root/Documents/myelon-launch/vllm.rs/artifacts/h100_bridge_campaign_20260406/qwen30ba3b_tp2_server_fixed_prompt_v3/report.json,runner,myelon,ttft_ms_mean,2616.56,2516.97,-3.8061,completed,completed
server_prefill_stress,fixed_prompt_burst,synthetic_server_fixed_prompt_burst,measure_first_turn,True,saturation_zero_gap,relaxed,fixed_prompt_burst_bridge,round_robin,1,1,tp2,socket_vs_myelon_process_runner,fullpass,completed,,2,full_completion,,,,plain-bear-unfolds-fin-02,"NVIDIA H100 80GB HBM3,NVIDIA H100 80GB HBM3",Qwen/Qwen3-30B-A3B,Qwen3MoeForCausalLM,True,/root/Documents/myelon-launch/vllm.rs/artifacts/h100_bridge_campaign_20260406/qwen30ba3b_tp2_server_fixed_prompt_v3/report.json,runner,myelon,tpot_ms_mean,0.0,0.0,,completed,completed
server_prefill_stress,fixed_prompt_burst,synthetic_server_fixed_prompt_burst,measure_first_turn,True,saturation_zero_gap,relaxed,fixed_prompt_burst_bridge,round_robin,1,1,tp2,socket_vs_myelon_process_runner,fullpass,completed,,2,full_completion,,,,plain-bear-unfolds-fin-02,"NVIDIA H100 80GB HBM3,NVIDIA H100 80GB HBM3",Qwen/Qwen3-30B-A3B,Qwen3MoeForCausalLM,True,/root/Documents/myelon-launch/vllm.rs/artifacts/h100_bridge_campaign_20260406/qwen30ba3b_tp2_server_fixed_prompt_v3/report.json,runner,myelon,latency_ms_mean,2826.83,2688.23,-4.903,completed,completed
server_prefill_stress,fixed_prompt_burst,synthetic_server_fixed_prompt_burst,measure_first_turn,True,saturation_zero_gap,relaxed,fixed_prompt_burst_bridge,round_robin,1,1,tp2,socket_vs_myelon_process_runner,fullpass,completed,,2,full_completion,,,,plain-bear-unfolds-fin-02,"NVIDIA H100 80GB HBM3,NVIDIA H100 80GB HBM3",Qwen/Qwen3-30B-A3B,Qwen3MoeForCausalLM,True,/root/Documents/myelon-launch/vllm.rs/artifacts/h100_bridge_campaign_20260406/qwen30ba3b_tp2_server_fixed_prompt_v3/report.json,runner,myelon,observed_gpu_kv_usage_percent_max,0.0,0.0,,completed,completed
server_prefill_stress,fixed_prompt_burst,synthetic_server_fixed_prompt_burst,measure_first_turn,True,saturation_zero_gap,relaxed,fixed_prompt_burst_bridge,round_robin,1,1,tp2,socket_vs_myelon_process_runner,fullpass,completed,,2,full_completion,,,,plain-bear-unfolds-fin-02,"NVIDIA H100 80GB HBM3,NVIDIA H100 80GB HBM3",Qwen/Qwen3-30B-A3B,Qwen3MoeForCausalLM,True,/root/Documents/myelon-launch/vllm.rs/artifacts/h100_bridge_campaign_20260406/qwen30ba3b_tp2_server_fixed_prompt_v3/report.json,runner,myelon,observed_cpu_swap_usage_percent_max,0.0,0.0,,completed,completed
server_prefill_stress,fixed_prompt_burst,synthetic_server_fixed_prompt_burst,measure_first_turn,True,saturation_zero_gap,relaxed,fixed_prompt_burst_bridge,round_robin,1,1,tp2,socket_vs_myelon_process_runner,fullpass,completed,,2,full_completion,,,,plain-bear-unfolds-fin-02,"NVIDIA H100 80GB HBM3,NVIDIA H100 80GB HBM3",Qwen/Qwen3-30B-A3B,Qwen3MoeForCausalLM,True,/root/Documents/myelon-launch/vllm.rs/artifacts/h100_bridge_campaign_20260406/qwen30ba3b_tp2_server_fixed_prompt_v3/report.json,runner,myelon,observed_prefix_cache_miss_count,0.0,0.0,,completed,completed
server_prefill_stress,fixed_prompt_burst,synthetic_server_fixed_prompt_burst,measure_first_turn,True,saturation_zero_gap,relaxed,fixed_prompt_burst_bridge,round_robin,1,1,tp2,socket_vs_myelon_process_runner,fullpass,completed,,2,full_completion,,,,plain-bear-unfolds-fin-02,"NVIDIA H100 80GB HBM3,NVIDIA H100 80GB HBM3",Qwen/Qwen3-30B-A3B,Qwen3MoeForCausalLM,True,/root/Documents/myelon-launch/vllm.rs/artifacts/h100_bridge_campaign_20260406/qwen30ba3b_tp2_server_fixed_prompt_v3/report.json,runner,myelon,observed_prefix_cache_insert_count,0.0,0.0,,completed,completed
server_prefill_stress,fixed_prompt_burst,synthetic_server_fixed_prompt_burst,measure_first_turn,True,saturation_zero_gap,relaxed,fixed_prompt_burst_bridge,round_robin,1,1,tp2,socket_vs_myelon_process_runner,fullpass,completed,,2,full_completion,,,,plain-bear-unfolds-fin-02,"NVIDIA H100 80GB HBM3,NVIDIA H100 80GB HBM3",Qwen/Qwen3-30B-A3B,Qwen3MoeForCausalLM,True,/root/Documents/myelon-launch/vllm.rs/artifacts/h100_bridge_campaign_20260406/qwen30ba3b_tp2_server_fixed_prompt_v3/report.json,runner,myelon,observed_prefix_cache_eviction_count,0.0,0.0,,completed,completed
server_prefill_stress,fixed_prompt_burst,synthetic_server_fixed_prompt_burst,measure_first_turn,True,saturation_zero_gap,relaxed,fixed_prompt_burst_bridge,round_robin,1,1,tp2,socket_vs_myelon_process_runner,fullpass,completed,2,2,full_completion,,,,plain-bear-unfolds-fin-02,"NVIDIA H100 80GB HBM3,NVIDIA H100 80GB HBM3",Qwen/Qwen3-30B-A3B,Qwen3MoeForCausalLM,True,/root/Documents/myelon-launch/vllm.rs/artifacts/h100_bridge_campaign_20260406/qwen30ba3b_tp2_server_fixed_prompt_v4/report.json,runner,myelon,requests_per_sec,10.987,11.529,4.9331,completed,completed
server_prefill_stress,fixed_prompt_burst,synthetic_server_fixed_prompt_burst,measure_first_turn,True,saturation_zero_gap,relaxed,fixed_prompt_burst_bridge,round_robin,1,1,tp2,socket_vs_myelon_process_runner,fullpass,completed,2,2,full_completion,,,,plain-bear-unfolds-fin-02,"NVIDIA H100 80GB HBM3,NVIDIA H100 80GB HBM3",Qwen/Qwen3-30B-A3B,Qwen3MoeForCausalLM,True,/root/Documents/myelon-launch/vllm.rs/artifacts/h100_bridge_campaign_20260406/qwen30ba3b_tp2_server_fixed_prompt_v4/report.json,runner,myelon,runtime_sec,2.913,2.776,-4.7031,completed,completed
server_prefill_stress,fixed_prompt_burst,synthetic_server_fixed_prompt_burst,measure_first_turn,True,saturation_zero_gap,relaxed,fixed_prompt_burst_bridge,round_robin,1,1,tp2,socket_vs_myelon_process_runner,fullpass,completed,2,2,full_completion,,,,plain-bear-unfolds-fin-02,"NVIDIA H100 80GB HBM3,NVIDIA H100 80GB HBM3",Qwen/Qwen3-30B-A3B,Qwen3MoeForCausalLM,True,/root/Documents/myelon-launch/vllm.rs/artifacts/h100_bridge_campaign_20260406/qwen30ba3b_tp2_server_fixed_prompt_v4/report.json,runner,myelon,ttft_ms_mean,2575.74,2507.19,-2.6614,completed,completed
server_prefill_stress,fixed_prompt_burst,synthetic_server_fixed_prompt_burst,measure_first_turn,True,saturation_zero_gap,relaxed,fixed_prompt_burst_bridge,round_robin,1,1,tp2,socket_vs_myelon_process_runner,fullpass,completed,2,2,full_completion,,,,plain-bear-unfolds-fin-02,"NVIDIA H100 80GB HBM3,NVIDIA H100 80GB HBM3",Qwen/Qwen3-30B-A3B,Qwen3MoeForCausalLM,True,/root/Documents/myelon-launch/vllm.rs/artifacts/h100_bridge_campaign_20260406/qwen30ba3b_tp2_server_fixed_prompt_v4/report.json,runner,myelon,tpot_ms_mean,0.0,0.0,,completed,completed
server_prefill_stress,fixed_prompt_burst,synthetic_server_fixed_prompt_burst,measure_first_turn,True,saturation_zero_gap,relaxed,fixed_prompt_burst_bridge,round_robin,1,1,tp2,socket_vs_myelon_process_runner,fullpass,completed,2,2,full_completion,,,,plain-bear-unfolds-fin-02,"NVIDIA H100 80GB HBM3,NVIDIA H100 80GB HBM3",Qwen/Qwen3-30B-A3B,Qwen3MoeForCausalLM,True,/root/Documents/myelon-launch/vllm.rs/artifacts/h100_bridge_campaign_20260406/qwen30ba3b_tp2_server_fixed_prompt_v4/report.json,runner,myelon,latency_ms_mean,2787.55,2671.83,-4.1513,completed,completed
server_prefill_stress,fixed_prompt_burst,synthetic_server_fixed_prompt_burst,measure_first_turn,True,saturation_zero_gap,relaxed,fixed_prompt_burst_bridge,round_robin,1,1,tp2,socket_vs_myelon_process_runner,fullpass,completed,2,2,full_completion,,,,plain-bear-unfolds-fin-02,"NVIDIA H100 80GB HBM3,NVIDIA H100 80GB HBM3",Qwen/Qwen3-30B-A3B,Qwen3MoeForCausalLM,True,/root/Documents/myelon-launch/vllm.rs/artifacts/h100_bridge_campaign_20260406/qwen30ba3b_tp2_server_fixed_prompt_v4/report.json,runner,myelon,observed_gpu_kv_usage_percent_max,0.0,0.0,,completed,completed
server_prefill_stress,fixed_prompt_burst,synthetic_server_fixed_prompt_burst,measure_first_turn,True,saturation_zero_gap,relaxed,fixed_prompt_burst_bridge,round_robin,1,1,tp2,socket_vs_myelon_process_runner,fullpass,completed,2,2,full_completion,,,,plain-bear-unfolds-fin-02,"NVIDIA H100 80GB HBM3,NVIDIA H100 80GB HBM3",Qwen/Qwen3-30B-A3B,Qwen3MoeForCausalLM,True,/root/Documents/myelon-launch/vllm.rs/artifacts/h100_bridge_campaign_20260406/qwen30ba3b_tp2_server_fixed_prompt_v4/report.json,runner,myelon,observed_cpu_swap_usage_percent_max,0.0,0.0,,completed,completed
server_prefill_stress,fixed_prompt_burst,synthetic_server_fixed_prompt_burst,measure_first_turn,True,saturation_zero_gap,relaxed,fixed_prompt_burst_bridge,round_robin,1,1,tp2,socket_vs_myelon_process_runner,fullpass,completed,2,2,full_completion,,,,plain-bear-unfolds-fin-02,"NVIDIA H100 80GB HBM3,NVIDIA H100 80GB HBM3",Qwen/Qwen3-30B-A3B,Qwen3MoeForCausalLM,True,/root/Documents/myelon-launch/vllm.rs/artifacts/h100_bridge_campaign_20260406/qwen30ba3b_tp2_server_fixed_prompt_v4/report.json,runner,myelon,observed_prefix_cache_miss_count,0.0,0.0,,completed,completed
server_prefill_stress,fixed_prompt_burst,synthetic_server_fixed_prompt_burst,measure_first_turn,True,saturation_zero_gap,relaxed,fixed_prompt_burst_bridge,round_robin,1,1,tp2,socket_vs_myelon_process_runner,fullpass,completed,2,2,full_completion,,,,plain-bear-unfolds-fin-02,"NVIDIA H100 80GB HBM3,NVIDIA H100 80GB HBM3",Qwen/Qwen3-30B-A3B,Qwen3MoeForCausalLM,True,/root/Documents/myelon-launch/vllm.rs/artifacts/h100_bridge_campaign_20260406/qwen30ba3b_tp2_server_fixed_prompt_v4/report.json,runner,myelon,observed_prefix_cache_insert_count,0.0,0.0,,completed,completed
server_prefill_stress,fixed_prompt_burst,synthetic_server_fixed_prompt_burst,measure_first_turn,True,saturation_zero_gap,relaxed,fixed_prompt_burst_bridge,round_robin,1,1,tp2,socket_vs_myelon_process_runner,fullpass,completed,2,2,full_completion,,,,plain-bear-unfolds-fin-02,"NVIDIA H100 80GB HBM3,NVIDIA H100 80GB HBM3",Qwen/Qwen3-30B-A3B,Qwen3MoeForCausalLM,True,/root/Documents/myelon-launch/vllm.rs/artifacts/h100_bridge_campaign_20260406/qwen30ba3b_tp2_server_fixed_prompt_v4/report.json,runner,myelon,observed_prefix_cache_eviction_count,0.0,0.0,,completed,completed
server_prefill_stress,shared_prefix_round_robin_control,synthetic_server_shared_prefix_control,measure_first_turn,True,saturation_zero_gap,bounded_prefix,,round_robin,8,8,tp2,socket_vs_myelon_process_runner,fullpass,completed,2,2,full_completion,,,,plain-bear-unfolds-fin-02,"NVIDIA H100 80GB HBM3,NVIDIA H100 80GB HBM3",Qwen/Qwen3-30B-A3B,Qwen3MoeForCausalLM,True,/root/Documents/myelon-launch/vllm.rs/artifacts/h100_bridge_campaign_20260406/qwen30ba3b_tp2_server_shared_prefix_rr_control_v1/report.json,runner,myelon,requests_per_sec,2.296,2.323,1.176,completed,completed
server_prefill_stress,shared_prefix_round_robin_control,synthetic_server_shared_prefix_control,measure_first_turn,True,saturation_zero_gap,bounded_prefix,,round_robin,8,8,tp2,socket_vs_myelon_process_runner,fullpass,completed,2,2,full_completion,,,,plain-bear-unfolds-fin-02,"NVIDIA H100 80GB HBM3,NVIDIA H100 80GB HBM3",Qwen/Qwen3-30B-A3B,Qwen3MoeForCausalLM,True,/root/Documents/myelon-launch/vllm.rs/artifacts/h100_bridge_campaign_20260406/qwen30ba3b_tp2_server_shared_prefix_rr_control_v1/report.json,runner,myelon,runtime_sec,13.935,13.774,-1.1554,completed,completed
server_prefill_stress,shared_prefix_round_robin_control,synthetic_server_shared_prefix_control,measure_first_turn,True,saturation_zero_gap,bounded_prefix,,round_robin,8,8,tp2,socket_vs_myelon_process_runner,fullpass,completed,2,2,full_completion,,,,plain-bear-unfolds-fin-02,"NVIDIA H100 80GB HBM3,NVIDIA H100 80GB HBM3",Qwen/Qwen3-30B-A3B,Qwen3MoeForCausalLM,True,/root/Documents/myelon-launch/vllm.rs/artifacts/h100_bridge_campaign_20260406/qwen30ba3b_tp2_server_shared_prefix_rr_control_v1/report.json,runner,myelon,ttft_ms_mean,345.442,340.742,-1.3606,completed,completed
server_prefill_stress,shared_prefix_round_robin_control,synthetic_server_shared_prefix_control,measure_first_turn,True,saturation_zero_gap,bounded_prefix,,round_robin,8,8,tp2,socket_vs_myelon_process_runner,fullpass,completed,2,2,full_completion,,,,plain-bear-unfolds-fin-02,"NVIDIA H100 80GB HBM3,NVIDIA H100 80GB HBM3",Qwen/Qwen3-30B-A3B,Qwen3MoeForCausalLM,True,/root/Documents/myelon-launch/vllm.rs/artifacts/h100_bridge_campaign_20260406/qwen30ba3b_tp2_server_shared_prefix_rr_control_v1/report.json,runner,myelon,tpot_ms_mean,12.365,12.217,-1.1969,completed,completed
server_prefill_stress,shared_prefix_round_robin_control,synthetic_server_shared_prefix_control,measure_first_turn,True,saturation_zero_gap,bounded_prefix,,round_robin,8,8,tp2,socket_vs_myelon_process_runner,fullpass,completed,2,2,full_completion,,,,plain-bear-unfolds-fin-02,"NVIDIA H100 80GB HBM3,NVIDIA H100 80GB HBM3",Qwen/Qwen3-30B-A3B,Qwen3MoeForCausalLM,True,/root/Documents/myelon-launch/vllm.rs/artifacts/h100_bridge_campaign_20260406/qwen30ba3b_tp2_server_shared_prefix_rr_control_v1/report.json,runner,myelon,latency_ms_mean,431.997,426.262,-1.3276,completed,completed
server_prefill_stress,shared_prefix_round_robin_control,synthetic_server_shared_prefix_control,measure_first_turn,True,saturation_zero_gap,bounded_prefix,,round_robin,8,8,tp2,socket_vs_myelon_process_runner,fullpass,completed,2,2,full_completion,,,,plain-bear-unfolds-fin-02,"NVIDIA H100 80GB HBM3,NVIDIA H100 80GB HBM3",Qwen/Qwen3-30B-A3B,Qwen3MoeForCausalLM,True,/root/Documents/myelon-launch/vllm.rs/artifacts/h100_bridge_campaign_20260406/qwen30ba3b_tp2_server_shared_prefix_rr_control_v1/report.json,runner,myelon,observed_gpu_kv_usage_percent_max,3.0,3.0,0.0,completed,completed
server_prefill_stress,shared_prefix_round_robin_control,synthetic_server_shared_prefix_control,measure_first_turn,True,saturation_zero_gap,bounded_prefix,,round_robin,8,8,tp2,socket_vs_myelon_process_runner,fullpass,completed,2,2,full_completion,,,,plain-bear-unfolds-fin-02,"NVIDIA H100 80GB HBM3,NVIDIA H100 80GB HBM3",Qwen/Qwen3-30B-A3B,Qwen3MoeForCausalLM,True,/root/Documents/myelon-launch/vllm.rs/artifacts/h100_bridge_campaign_20260406/qwen30ba3b_tp2_server_shared_prefix_rr_control_v1/report.json,runner,myelon,observed_cpu_swap_usage_percent_max,0.0,0.0,,completed,completed
server_prefill_stress,shared_prefix_round_robin_control,synthetic_server_shared_prefix_control,measure_first_turn,True,saturation_zero_gap,bounded_prefix,,round_robin,8,8,tp2,socket_vs_myelon_process_runner,fullpass,completed,2,2,full_completion,,,,plain-bear-unfolds-fin-02,"NVIDIA H100 80GB HBM3,NVIDIA H100 80GB HBM3",Qwen/Qwen3-30B-A3B,Qwen3MoeForCausalLM,True,/root/Documents/myelon-launch/vllm.rs/artifacts/h100_bridge_campaign_20260406/qwen30ba3b_tp2_server_shared_prefix_rr_control_v1/report.json,runner,myelon,observed_prefix_cache_miss_count,1.0,1.0,0.0,completed,completed
server_prefill_stress,shared_prefix_round_robin_control,synthetic_server_shared_prefix_control,measure_first_turn,True,saturation_zero_gap,bounded_prefix,,round_robin,8,8,tp2,socket_vs_myelon_process_runner,fullpass,completed,2,2,full_completion,,,,plain-bear-unfolds-fin-02,"NVIDIA H100 80GB HBM3,NVIDIA H100 80GB HBM3",Qwen/Qwen3-30B-A3B,Qwen3MoeForCausalLM,True,/root/Documents/myelon-launch/vllm.rs/artifacts/h100_bridge_campaign_20260406/qwen30ba3b_tp2_server_shared_prefix_rr_control_v1/report.json,runner,myelon,observed_prefix_cache_insert_count,32.0,32.0,0.0,completed,completed
server_prefill_stress,shared_prefix_round_robin_control,synthetic_server_shared_prefix_control,measure_first_turn,True,saturation_zero_gap,bounded_prefix,,round_robin,8,8,tp2,socket_vs_myelon_process_runner,fullpass,completed,2,2,full_completion,,,,plain-bear-unfolds-fin-02,"NVIDIA H100 80GB HBM3,NVIDIA H100 80GB HBM3",Qwen/Qwen3-30B-A3B,Qwen3MoeForCausalLM,True,/root/Documents/myelon-launch/vllm.rs/artifacts/h100_bridge_campaign_20260406/qwen30ba3b_tp2_server_shared_prefix_rr_control_v1/report.json,runner,myelon,observed_prefix_cache_eviction_count,0.0,0.0,,completed,completed
server_prefill_stress,shared_prefix_round_robin_control,synthetic_server_shared_prefix_control,measure_first_turn,True,saturation_zero_gap,bounded_prefix,,round_robin,8,8,tp2,socket_vs_myelon_process_runner,fullpass,completed,2,2,full_completion,,,,plain-bear-unfolds-fin-02,"NVIDIA H100 80GB HBM3,NVIDIA H100 80GB HBM3",Qwen/Qwen3-30B-A3B,Qwen3MoeForCausalLM,True,/root/Documents/myelon-launch/vllm.rs/artifacts/h100_bridge_campaign_20260406/qwen30ba3b_tp2_server_shared_prefix_rr_control_v2/report.json,runner,myelon,requests_per_sec,3.242,3.364,3.7631,completed,completed
server_prefill_stress,shared_prefix_round_robin_control,synthetic_server_shared_prefix_control,measure_first_turn,True,saturation_zero_gap,bounded_prefix,,round_robin,8,8,tp2,socket_vs_myelon_process_runner,fullpass,completed,2,2,full_completion,,,,plain-bear-unfolds-fin-02,"NVIDIA H100 80GB HBM3,NVIDIA H100 80GB HBM3",Qwen/Qwen3-30B-A3B,Qwen3MoeForCausalLM,True,/root/Documents/myelon-launch/vllm.rs/artifacts/h100_bridge_campaign_20260406/qwen30ba3b_tp2_server_shared_prefix_rr_control_v2/report.json,runner,myelon,runtime_sec,22.207,21.403,-3.6205,completed,completed
server_prefill_stress,shared_prefix_round_robin_control,synthetic_server_shared_prefix_control,measure_first_turn,True,saturation_zero_gap,bounded_prefix,,round_robin,8,8,tp2,socket_vs_myelon_process_runner,fullpass,completed,2,2,full_completion,,,,plain-bear-unfolds-fin-02,"NVIDIA H100 80GB HBM3,NVIDIA H100 80GB HBM3",Qwen/Qwen3-30B-A3B,Qwen3MoeForCausalLM,True,/root/Documents/myelon-launch/vllm.rs/artifacts/h100_bridge_campaign_20260406/qwen30ba3b_tp2_server_shared_prefix_rr_control_v2/report.json,runner,myelon,ttft_ms_mean,1932.899,1944.809,0.6162,completed,completed
server_prefill_stress,shared_prefix_round_robin_control,synthetic_server_shared_prefix_control,measure_first_turn,True,saturation_zero_gap,bounded_prefix,,round_robin,8,8,tp2,socket_vs_myelon_process_runner,fullpass,completed,2,2,full_completion,,,,plain-bear-unfolds-fin-02,"NVIDIA H100 80GB HBM3,NVIDIA H100 80GB HBM3",Qwen/Qwen3-30B-A3B,Qwen3MoeForCausalLM,True,/root/Documents/myelon-launch/vllm.rs/artifacts/h100_bridge_campaign_20260406/qwen30ba3b_tp2_server_shared_prefix_rr_control_v2/report.json,runner,myelon,tpot_ms_mean,72.78,58.091,-20.1827,completed,completed
server_prefill_stress,shared_prefix_round_robin_control,synthetic_server_shared_prefix_control,measure_first_turn,True,saturation_zero_gap,bounded_prefix,,round_robin,8,8,tp2,socket_vs_myelon_process_runner,fullpass,completed,2,2,full_completion,,,,plain-bear-unfolds-fin-02,"NVIDIA H100 80GB HBM3,NVIDIA H100 80GB HBM3",Qwen/Qwen3-30B-A3B,Qwen3MoeForCausalLM,True,/root/Documents/myelon-launch/vllm.rs/artifacts/h100_bridge_campaign_20260406/qwen30ba3b_tp2_server_shared_prefix_rr_control_v2/report.json,runner,myelon,latency_ms_mean,2442.355,2351.443,-3.7223,completed,completed
server_prefill_stress,shared_prefix_round_robin_control,synthetic_server_shared_prefix_control,measure_first_turn,True,saturation_zero_gap,bounded_prefix,,round_robin,8,8,tp2,socket_vs_myelon_process_runner,fullpass,completed,2,2,full_completion,,,,plain-bear-unfolds-fin-02,"NVIDIA H100 80GB HBM3,NVIDIA H100 80GB HBM3",Qwen/Qwen3-30B-A3B,Qwen3MoeForCausalLM,True,/root/Documents/myelon-launch/vllm.rs/artifacts/h100_bridge_campaign_20260406/qwen30ba3b_tp2_server_shared_prefix_rr_control_v2/report.json,runner,myelon,observed_gpu_kv_usage_percent_max,5.8,5.8,0.0,completed,completed
server_prefill_stress,shared_prefix_round_robin_control,synthetic_server_shared_prefix_control,measure_first_turn,True,saturation_zero_gap,bounded_prefix,,round_robin,8,8,tp2,socket_vs_myelon_process_runner,fullpass,completed,2,2,full_completion,,,,plain-bear-unfolds-fin-02,"NVIDIA H100 80GB HBM3,NVIDIA H100 80GB HBM3",Qwen/Qwen3-30B-A3B,Qwen3MoeForCausalLM,True,/root/Documents/myelon-launch/vllm.rs/artifacts/h100_bridge_campaign_20260406/qwen30ba3b_tp2_server_shared_prefix_rr_control_v2/report.json,runner,myelon,observed_cpu_swap_usage_percent_max,0.0,0.0,,completed,completed
server_prefill_stress,shared_prefix_round_robin_control,synthetic_server_shared_prefix_control,measure_first_turn,True,saturation_zero_gap,bounded_prefix,,round_robin,8,8,tp2,socket_vs_myelon_process_runner,fullpass,completed,2,2,full_completion,,,,plain-bear-unfolds-fin-02,"NVIDIA H100 80GB HBM3,NVIDIA H100 80GB HBM3",Qwen/Qwen3-30B-A3B,Qwen3MoeForCausalLM,True,/root/Documents/myelon-launch/vllm.rs/artifacts/h100_bridge_campaign_20260406/qwen30ba3b_tp2_server_shared_prefix_rr_control_v2/report.json,runner,myelon,observed_prefix_cache_miss_count,8.0,8.0,0.0,completed,completed
server_prefill_stress,shared_prefix_round_robin_control,synthetic_server_shared_prefix_control,measure_first_turn,True,saturation_zero_gap,bounded_prefix,,round_robin,8,8,tp2,socket_vs_myelon_process_runner,fullpass,completed,2,2,full_completion,,,,plain-bear-unfolds-fin-02,"NVIDIA H100 80GB HBM3,NVIDIA H100 80GB HBM3",Qwen/Qwen3-30B-A3B,Qwen3MoeForCausalLM,True,/root/Documents/myelon-launch/vllm.rs/artifacts/h100_bridge_campaign_20260406/qwen30ba3b_tp2_server_shared_prefix_rr_control_v2/report.json,runner,myelon,observed_prefix_cache_insert_count,72.0,72.0,0.0,completed,completed
server_prefill_stress,shared_prefix_round_robin_control,synthetic_server_shared_prefix_control,measure_first_turn,True,saturation_zero_gap,bounded_prefix,,round_robin,8,8,tp2,socket_vs_myelon_process_runner,fullpass,completed,2,2,full_completion,,,,plain-bear-unfolds-fin-02,"NVIDIA H100 80GB HBM3,NVIDIA H100 80GB HBM3",Qwen/Qwen3-30B-A3B,Qwen3MoeForCausalLM,True,/root/Documents/myelon-launch/vllm.rs/artifacts/h100_bridge_campaign_20260406/qwen30ba3b_tp2_server_shared_prefix_rr_control_v2/report.json,runner,myelon,observed_prefix_cache_eviction_count,0.0,0.0,,completed,completed
