benchmark_family,benchmark_submode,workload_class,warmup_policy,first_turn_measured,arrival_pattern,cache_pressure_profile,equivalence_group,conversation_sampling,limit_min_tokens,limit_max_tokens,topology_overlay,transport_mode,build_features,effective_device_ids,myelon_rpc_depth,myelon_response_depth,myelon_busy_spin,prefix_cache_enabled,prefix_cache_max_tokens,kv_fraction,cpu_mem_fold,run_class,status,result_boundary,expected_case_count,observed_case_count,stop_point,skip_reason,transport_supported,transport_skip_reason,host,gpu_names,model_label,model_architecture,pd_supported,report_json
server_prefill_stress,cache_thrash_round_robin,synthetic_server_prefill_stress,measure_first_turn,True,saturation_zero_gap,swap_pressure,,round_robin,32,32,tp2,socket_vs_myelon_process_runner,"cuda,myelon,nccl","[0, 1]",8192,8192,True,True,512,,2.0,fullpass,completed,benchmark_complete,2,2,full_completion,,,,hazy-instance-completes-fin-02,"NVIDIA H100 80GB HBM3,NVIDIA H100 80GB HBM3",Qwen/Qwen3-30B-A3B,Qwen3MoeForCausalLM,True,/root/Documents/myelon-launch/vllm.rs/artifacts/h100_bridge_campaign_20260406/qwen30ba3b_tp2_server_cache_thrash_rr_swap_v10/report.json
server_prefill_stress,cache_thrash_round_robin,synthetic_server_prefill_stress,measure_first_turn,True,saturation_zero_gap,swap_pressure,,round_robin,32,32,tp2,socket_vs_myelon_process_runner,"cuda,myelon,nccl","[0, 1]",8192,8192,True,True,512,0.04,2.0,fullpass,partial,benchmark_failed,2,1,full_completion,,,,hazy-instance-completes-fin-02,"NVIDIA H100 80GB HBM3,NVIDIA H100 80GB HBM3",Qwen/Qwen3-30B-A3B,Qwen3MoeForCausalLM,True,/root/Documents/myelon-launch/vllm.rs/artifacts/h100_bridge_campaign_20260406/qwen30ba3b_tp2_server_cache_thrash_rr_swap_v9/report.json
server_prefill_stress,cache_thrash_round_robin,synthetic_server_prefill_stress,measure_first_turn,True,saturation_zero_gap,hard_thrash,,round_robin,8,8,tp2,socket_vs_myelon_process_runner,"cuda,myelon,nccl","[0, 1]",8192,8192,True,True,4096,0.35,0.1,fullpass,partial,benchmark_failed,2,2,full_completion,,,,plain-bear-unfolds-fin-02,"NVIDIA H100 80GB HBM3,NVIDIA H100 80GB HBM3",Qwen/Qwen3-30B-A3B,Qwen3MoeForCausalLM,True,/root/Documents/myelon-launch/vllm.rs/artifacts/h100_bridge_campaign_20260406/qwen30ba3b_tp2_server_cache_thrash_rr_v1/report.json
server_prefill_stress,cache_thrash_round_robin,synthetic_server_prefill_stress,measure_first_turn,True,saturation_zero_gap,hard_thrash,,round_robin,8,8,tp2,socket_vs_myelon_process_runner,"cuda,myelon,nccl","[0, 1]",8192,8192,True,True,4096,0.35,0.1,fullpass,completed,benchmark_complete,2,2,full_completion,,,,plain-bear-unfolds-fin-02,"NVIDIA H100 80GB HBM3,NVIDIA H100 80GB HBM3",Qwen/Qwen3-30B-A3B,Qwen3MoeForCausalLM,True,/root/Documents/myelon-launch/vllm.rs/artifacts/h100_bridge_campaign_20260406/qwen30ba3b_tp2_server_cache_thrash_rr_v2/report.json
server_prefill_stress,cache_thrash_round_robin,synthetic_server_prefill_stress,measure_first_turn,True,saturation_zero_gap,hard_thrash,,round_robin,8,8,tp2,socket_vs_myelon_process_runner,"cuda,myelon,nccl","[0, 1]",8192,8192,True,True,4096,0.35,0.1,fullpass,completed,benchmark_complete,2,2,full_completion,,,,plain-bear-unfolds-fin-02,"NVIDIA H100 80GB HBM3,NVIDIA H100 80GB HBM3",Qwen/Qwen3-30B-A3B,Qwen3MoeForCausalLM,True,/root/Documents/myelon-launch/vllm.rs/artifacts/h100_bridge_campaign_20260406/qwen30ba3b_tp2_server_cache_thrash_rr_v3/report.json
server_prefill_stress,cache_thrash_round_robin,synthetic_server_prefill_stress,measure_first_turn,True,saturation_zero_gap,hard_thrash,,round_robin,8,8,tp2,socket_vs_myelon_process_runner,"cuda,myelon,nccl","[0, 1]",8192,8192,True,True,4096,0.35,0.1,fullpass,completed,benchmark_complete,2,2,full_completion,,,,plain-bear-unfolds-fin-02,"NVIDIA H100 80GB HBM3,NVIDIA H100 80GB HBM3",Qwen/Qwen3-30B-A3B,Qwen3MoeForCausalLM,True,/root/Documents/myelon-launch/vllm.rs/artifacts/h100_bridge_campaign_20260406/qwen30ba3b_tp2_server_cache_thrash_rr_v4/report.json
server_prefill_stress,cache_thrash_round_robin,synthetic_server_prefill_stress,measure_first_turn,True,saturation_zero_gap,hard_thrash,,round_robin,8,8,tp2,socket_vs_myelon_process_runner,"cuda,myelon,nccl","[0, 1]",8192,8192,True,True,4096,0.35,0.1,fullpass,completed,benchmark_complete,2,2,full_completion,,,,plain-bear-unfolds-fin-02,"NVIDIA H100 80GB HBM3,NVIDIA H100 80GB HBM3",Qwen/Qwen3-30B-A3B,Qwen3MoeForCausalLM,True,/root/Documents/myelon-launch/vllm.rs/artifacts/h100_bridge_campaign_20260406/qwen30ba3b_tp2_server_cache_thrash_rr_v5/report.json
server_prefill_stress,cache_thrash_round_robin,synthetic_server_prefill_stress,measure_first_turn,True,saturation_zero_gap,hard_thrash,,round_robin,8,8,tp2,socket_vs_myelon_process_runner,"cuda,myelon,nccl","[0, 1]",8192,8192,True,True,1024,0.08,0.05,fullpass,partial,benchmark_failed,2,1,full_completion,,,,plain-bear-unfolds-fin-02,"NVIDIA H100 80GB HBM3,NVIDIA H100 80GB HBM3",Qwen/Qwen3-30B-A3B,Qwen3MoeForCausalLM,True,/root/Documents/myelon-launch/vllm.rs/artifacts/h100_bridge_campaign_20260406/qwen30ba3b_tp2_server_cache_thrash_rr_v6/report.json
server_prefill_stress,cache_thrash_round_robin,synthetic_server_prefill_stress,measure_first_turn,True,saturation_zero_gap,hard_thrash,,round_robin,8,8,tp2,socket_vs_myelon_process_runner,"cuda,myelon,nccl","[0, 1]",8192,8192,True,True,1024,0.08,0.05,fullpass,completed,benchmark_complete,2,2,full_completion,,,,hazy-instance-completes-fin-02,"NVIDIA H100 80GB HBM3,NVIDIA H100 80GB HBM3",Qwen/Qwen3-30B-A3B,Qwen3MoeForCausalLM,True,/root/Documents/myelon-launch/vllm.rs/artifacts/h100_bridge_campaign_20260406/qwen30ba3b_tp2_server_cache_thrash_rr_v8/report.json
server_prefill_stress,fixed_prompt_burst,synthetic_server_fixed_prompt_burst,measure_first_turn,True,saturation_zero_gap,relaxed,fixed_prompt_burst_bridge,round_robin,1,1,tp2,socket_vs_myelon_process_runner,"cuda,myelon,nccl","[0, 1]",,,,False,,0.55,0.5,fullpass,partial,runtime_limited,,1,full_completion,,,,plain-bear-unfolds-fin-02,"NVIDIA H100 80GB HBM3,NVIDIA H100 80GB HBM3",Qwen/Qwen3-30B-A3B,Qwen3MoeForCausalLM,True,/root/Documents/myelon-launch/vllm.rs/artifacts/h100_bridge_campaign_20260406/qwen30ba3b_tp2_server_fixed_prompt/report.json
server_prefill_stress,fixed_prompt_burst,synthetic_server_fixed_prompt_burst,measure_first_turn,True,saturation_zero_gap,relaxed,fixed_prompt_burst_bridge,round_robin,1,1,tp2,socket_vs_myelon_process_runner,"cuda,myelon,nccl","[0, 1]",,,,False,,,0.5,fullpass,completed,benchmark_complete,,2,full_completion,,,,plain-bear-unfolds-fin-02,"NVIDIA H100 80GB HBM3,NVIDIA H100 80GB HBM3",Qwen/Qwen3-30B-A3B,Qwen3MoeForCausalLM,True,/root/Documents/myelon-launch/vllm.rs/artifacts/h100_bridge_campaign_20260406/qwen30ba3b_tp2_server_fixed_prompt_v2/report.json
server_prefill_stress,fixed_prompt_burst,synthetic_server_fixed_prompt_burst,measure_first_turn,True,saturation_zero_gap,relaxed,fixed_prompt_burst_bridge,round_robin,1,1,tp2,socket_vs_myelon_process_runner,"cuda,myelon,nccl","[0, 1]",,,,False,,,0.5,fullpass,completed,benchmark_complete,,2,full_completion,,,,plain-bear-unfolds-fin-02,"NVIDIA H100 80GB HBM3,NVIDIA H100 80GB HBM3",Qwen/Qwen3-30B-A3B,Qwen3MoeForCausalLM,True,/root/Documents/myelon-launch/vllm.rs/artifacts/h100_bridge_campaign_20260406/qwen30ba3b_tp2_server_fixed_prompt_v256/report.json
server_prefill_stress,fixed_prompt_burst,synthetic_server_fixed_prompt_burst,measure_first_turn,True,saturation_zero_gap,relaxed,fixed_prompt_burst_bridge,round_robin,1,1,tp2,socket_vs_myelon_process_runner,"cuda,myelon,nccl","[0, 1]",8192,8192,True,False,,,0.5,fullpass,completed,benchmark_complete,2,2,full_completion,,,,plain-bear-unfolds-fin-02,"NVIDIA H100 80GB HBM3,NVIDIA H100 80GB HBM3",Qwen/Qwen3-30B-A3B,Qwen3MoeForCausalLM,True,/root/Documents/myelon-launch/vllm.rs/artifacts/h100_bridge_campaign_20260406/qwen30ba3b_tp2_server_fixed_prompt_v256c/report.json
server_prefill_stress,fixed_prompt_burst,synthetic_server_fixed_prompt_burst,measure_first_turn,True,saturation_zero_gap,relaxed,fixed_prompt_burst_bridge,round_robin,1,1,tp2,socket_vs_myelon_process_runner,"cuda,myelon,nccl","[0, 1]",8192,8192,True,False,,0.55,0.5,fullpass,completed,benchmark_complete,2,2,full_completion,,,,plain-bear-unfolds-fin-02,"NVIDIA H100 80GB HBM3,NVIDIA H100 80GB HBM3",Qwen/Qwen3-30B-A3B,Qwen3MoeForCausalLM,True,/root/Documents/myelon-launch/vllm.rs/artifacts/h100_bridge_campaign_20260406/qwen30ba3b_tp2_server_fixed_prompt_v256d/report.json
server_prefill_stress,fixed_prompt_burst,synthetic_server_fixed_prompt_burst,measure_first_turn,True,saturation_zero_gap,relaxed,fixed_prompt_burst_bridge,round_robin,1,1,tp2,socket_vs_myelon_process_runner,"cuda,myelon,nccl","[0, 1]",,,,False,,,0.5,fullpass,completed,benchmark_complete,,2,full_completion,,,,plain-bear-unfolds-fin-02,"NVIDIA H100 80GB HBM3,NVIDIA H100 80GB HBM3",Qwen/Qwen3-30B-A3B,Qwen3MoeForCausalLM,True,/root/Documents/myelon-launch/vllm.rs/artifacts/h100_bridge_campaign_20260406/qwen30ba3b_tp2_server_fixed_prompt_v3/report.json
server_prefill_stress,fixed_prompt_burst,synthetic_server_fixed_prompt_burst,measure_first_turn,True,saturation_zero_gap,relaxed,fixed_prompt_burst_bridge,round_robin,1,1,tp2,socket_vs_myelon_process_runner,"cuda,myelon,nccl","[0, 1]",8192,8192,True,False,,,0.5,fullpass,completed,benchmark_complete,2,2,full_completion,,,,plain-bear-unfolds-fin-02,"NVIDIA H100 80GB HBM3,NVIDIA H100 80GB HBM3",Qwen/Qwen3-30B-A3B,Qwen3MoeForCausalLM,True,/root/Documents/myelon-launch/vllm.rs/artifacts/h100_bridge_campaign_20260406/qwen30ba3b_tp2_server_fixed_prompt_v4/report.json
server_prefill_stress,shared_prefix_round_robin_control,synthetic_server_shared_prefix_control,measure_first_turn,True,saturation_zero_gap,bounded_prefix,,round_robin,8,8,tp2,socket_vs_myelon_process_runner,"cuda,myelon,nccl","[0, 1]",8192,8192,True,True,32768,0.55,0.5,fullpass,completed,benchmark_complete,2,2,full_completion,,,,plain-bear-unfolds-fin-02,"NVIDIA H100 80GB HBM3,NVIDIA H100 80GB HBM3",Qwen/Qwen3-30B-A3B,Qwen3MoeForCausalLM,True,/root/Documents/myelon-launch/vllm.rs/artifacts/h100_bridge_campaign_20260406/qwen30ba3b_tp2_server_shared_prefix_rr_control_v1/report.json
server_prefill_stress,shared_prefix_round_robin_control,synthetic_server_shared_prefix_control,measure_first_turn,True,saturation_zero_gap,bounded_prefix,,round_robin,8,8,tp2,socket_vs_myelon_process_runner,"cuda,myelon,nccl","[0, 1]",8192,8192,True,True,32768,0.55,0.5,fullpass,completed,benchmark_complete,2,2,full_completion,,,,plain-bear-unfolds-fin-02,"NVIDIA H100 80GB HBM3,NVIDIA H100 80GB HBM3",Qwen/Qwen3-30B-A3B,Qwen3MoeForCausalLM,True,/root/Documents/myelon-launch/vllm.rs/artifacts/h100_bridge_campaign_20260406/qwen30ba3b_tp2_server_shared_prefix_rr_control_v2/report.json
server_prefill_stress,shared_prefix_round_robin_control,synthetic_server_shared_prefix_control,measure_first_turn,True,saturation_zero_gap,bounded_prefix,,round_robin,8,8,tp2,socket_vs_myelon_process_runner,"cuda,myelon,nccl","[0, 1]",8192,8192,True,True,32768,0.55,0.5,fullpass,completed,benchmark_complete,2,2,full_completion,,,,hazy-instance-completes-fin-02,"NVIDIA H100 80GB HBM3,NVIDIA H100 80GB HBM3",Qwen/Qwen3-30B-A3B,Qwen3MoeForCausalLM,True,/root/Documents/myelon-launch/vllm.rs/artifacts/h100_bridge_campaign_20260406/qwen30ba3b_tp2_server_shared_prefix_rr_control_v3/report.json
server_prefill_stress,fixed_prompt_burst,synthetic_server_fixed_prompt_burst,measure_first_turn,True,saturation_zero_gap,relaxed,fixed_prompt_burst_bridge,round_robin,1,1,single_gpu,socket_vs_myelon_process_runner,"cuda,myelon,nccl",[0],8192,8192,False,False,,0.55,0.5,fullpass,completed,benchmark_complete,2,2,full_completion,,,,hazy-instance-completes-fin-02,"NVIDIA H100 80GB HBM3,NVIDIA H100 80GB HBM3",Qwen/Qwen3-0.6B,Qwen3ForCausalLM,True,/root/Documents/myelon-launch/vllm.rs/artifacts/h100_bridge_campaign_20260406/qwen3_06b_singlegpu_fixed_prompt_nospin_c1_v1/report.json
server_prefill_stress,fixed_prompt_burst,synthetic_server_fixed_prompt_burst,measure_first_turn,True,saturation_zero_gap,relaxed,fixed_prompt_burst_bridge,round_robin,1,1,single_gpu,socket_vs_myelon_process_runner,"cuda,myelon,nccl",[0],8192,8192,False,False,,0.55,0.5,fullpass,completed,benchmark_complete,2,2,full_completion,,,,hazy-instance-completes-fin-02,"NVIDIA H100 80GB HBM3,NVIDIA H100 80GB HBM3",Qwen/Qwen3-0.6B,Qwen3ForCausalLM,True,/root/Documents/myelon-launch/vllm.rs/artifacts/h100_bridge_campaign_20260406/qwen3_06b_singlegpu_fixed_prompt_nospin_c32_v1/report.json
server_prefill_stress,fixed_prompt_burst,synthetic_server_fixed_prompt_burst,measure_first_turn,True,saturation_zero_gap,relaxed,fixed_prompt_burst_bridge,round_robin,1,1,single_gpu,socket_vs_myelon_process_runner,"cuda,myelon,nccl",[0],8192,8192,False,False,,0.55,0.5,fullpass,completed,benchmark_complete,2,2,full_completion,,,,hazy-instance-completes-fin-02,"NVIDIA H100 80GB HBM3,NVIDIA H100 80GB HBM3",Qwen/Qwen3-0.6B,Qwen3ForCausalLM,True,/root/Documents/myelon-launch/vllm.rs/artifacts/h100_bridge_campaign_20260406/qwen3_06b_singlegpu_fixed_prompt_nospin_v1/report.json
server_prefill_stress,fixed_prompt_burst,synthetic_server_fixed_prompt_burst,measure_first_turn,True,saturation_zero_gap,relaxed,fixed_prompt_burst_bridge,round_robin,1,1,single_gpu,socket_vs_myelon_process_runner,"cuda,myelon,nccl",[0],8192,8192,True,False,,0.55,0.5,fullpass,completed,benchmark_complete,2,2,full_completion,,,,hazy-instance-completes-fin-02,"NVIDIA H100 80GB HBM3,NVIDIA H100 80GB HBM3",Qwen/Qwen3-0.6B,Qwen3ForCausalLM,True,/root/Documents/myelon-launch/vllm.rs/artifacts/h100_bridge_campaign_20260406/qwen3_06b_singlegpu_fixed_prompt_spin_c32_v1/report.json
server_prefill_stress,fixed_prompt_burst,synthetic_server_fixed_prompt_burst,measure_first_turn,True,saturation_zero_gap,relaxed,fixed_prompt_burst_bridge,round_robin,1,1,single_gpu,socket_vs_myelon_process_runner,"cuda,myelon,nccl",[0],8192,8192,True,False,,0.55,0.5,fullpass,completed,benchmark_complete,2,2,full_completion,,,,hazy-instance-completes-fin-02,"NVIDIA H100 80GB HBM3,NVIDIA H100 80GB HBM3",Qwen/Qwen3-0.6B,Qwen3ForCausalLM,True,/root/Documents/myelon-launch/vllm.rs/artifacts/h100_bridge_campaign_20260406/qwen3_06b_singlegpu_fixed_prompt_v1/report.json
server_prefill_stress,fixed_prompt_burst,synthetic_server_fixed_prompt_burst,measure_first_turn,True,saturation_zero_gap,relaxed,fixed_prompt_burst_bridge,round_robin,1,1,tp2,socket_vs_myelon_process_runner,"cuda,myelon,nccl","[0, 1]",8192,8192,False,False,,0.55,0.5,fullpass,completed,benchmark_complete,2,2,full_completion,,,,hazy-instance-completes-fin-02,"NVIDIA H100 80GB HBM3,NVIDIA H100 80GB HBM3",Qwen/Qwen3-0.6B,Qwen3ForCausalLM,True,/root/Documents/myelon-launch/vllm.rs/artifacts/h100_bridge_campaign_20260406/qwen3_06b_tp2_fixed_prompt_nospin_c32_v1/report.json
server_prefill_stress,fixed_prompt_burst,synthetic_server_fixed_prompt_burst,measure_first_turn,True,saturation_zero_gap,relaxed,fixed_prompt_burst_bridge,round_robin,1,1,tp2,socket_vs_myelon_process_runner,"cuda,myelon,nccl","[0, 1]",8192,8192,False,False,,0.55,0.5,fullpass,completed,benchmark_complete,2,2,full_completion,,,,hazy-instance-completes-fin-02,"NVIDIA H100 80GB HBM3,NVIDIA H100 80GB HBM3",Qwen/Qwen3-0.6B,Qwen3ForCausalLM,True,/root/Documents/myelon-launch/vllm.rs/artifacts/h100_bridge_campaign_20260406/qwen3_06b_tp2_fixed_prompt_nospin_v1/report.json
server_prefill_stress,fixed_prompt_burst,synthetic_server_fixed_prompt_burst,measure_first_turn,True,saturation_zero_gap,relaxed,fixed_prompt_burst_bridge,round_robin,1,1,tp2,socket_vs_myelon_process_runner,"cuda,myelon,nccl","[0, 1]",8192,8192,True,False,,0.55,0.5,fullpass,completed,benchmark_complete,2,2,full_completion,,,,hazy-instance-completes-fin-02,"NVIDIA H100 80GB HBM3,NVIDIA H100 80GB HBM3",Qwen/Qwen3-0.6B,Qwen3ForCausalLM,True,/root/Documents/myelon-launch/vllm.rs/artifacts/h100_bridge_campaign_20260406/qwen3_06b_tp2_fixed_prompt_spin_c32_v1/report.json
server_prefill_stress,fixed_prompt_burst,synthetic_server_fixed_prompt_burst,measure_first_turn,True,saturation_zero_gap,relaxed,fixed_prompt_burst_bridge,round_robin,1,1,tp2,socket_vs_myelon_process_runner,"cuda,myelon,nccl","[0, 1]",8192,8192,True,False,,0.55,0.5,fullpass,completed,benchmark_complete,2,2,full_completion,,,,hazy-instance-completes-fin-02,"NVIDIA H100 80GB HBM3,NVIDIA H100 80GB HBM3",Qwen/Qwen3-0.6B,Qwen3ForCausalLM,True,/root/Documents/myelon-launch/vllm.rs/artifacts/h100_bridge_campaign_20260406/qwen3_06b_tp2_fixed_prompt_v1/report.json
server_prefill_stress,cache_thrash_round_robin,synthetic_server_prefill_stress,measure_first_turn,True,saturation_zero_gap,hard_thrash,,round_robin,8,8,tp2,socket_vs_myelon_process_runner,"cuda,myelon,nccl","[0, 1]",8192,8192,True,True,1024,0.08,0.05,fullpass,completed,benchmark_complete,2,2,full_completion,,,,hazy-instance-completes-fin-02,"NVIDIA H100 80GB HBM3,NVIDIA H100 80GB HBM3",Qwen/Qwen3-0.6B,Qwen3ForCausalLM,True,/root/Documents/myelon-launch/vllm.rs/artifacts/h100_bridge_campaign_20260406/qwen3_06b_tp2_server_cache_thrash_rr_v1/report.json
server_prefill_stress,shared_prefix_round_robin_control,synthetic_server_shared_prefix_control,measure_first_turn,True,saturation_zero_gap,bounded_prefix,,round_robin,8,8,tp2,socket_vs_myelon_process_runner,"cuda,myelon,nccl","[0, 1]",8192,8192,True,True,32768,0.55,0.5,fullpass,completed,benchmark_complete,2,2,full_completion,,,,hazy-instance-completes-fin-02,"NVIDIA H100 80GB HBM3,NVIDIA H100 80GB HBM3",Qwen/Qwen3-0.6B,Qwen3ForCausalLM,True,/root/Documents/myelon-launch/vllm.rs/artifacts/h100_bridge_campaign_20260406/qwen3_06b_tp2_server_shared_prefix_rr_control_v1/report.json
server_prefill_stress,cache_thrash_round_robin,synthetic_server_prefill_stress,measure_first_turn,True,saturation_zero_gap,hard_thrash,,round_robin,8,8,tp2,socket_vs_myelon_process_runner,"cuda,myelon,nccl","[0, 1]",8192,8192,True,True,1024,0.08,0.05,fullpass,completed,benchmark_complete,2,2,full_completion,,,,hazy-instance-completes-fin-02,"NVIDIA H100 80GB HBM3,NVIDIA H100 80GB HBM3",Qwen/Qwen3-4B,Qwen3ForCausalLM,True,/root/Documents/myelon-launch/vllm.rs/artifacts/h100_bridge_campaign_20260406/qwen3_4b_tp2_server_cache_thrash_rr_v1/report.json
server_prefill_stress,shared_prefix_round_robin_control,synthetic_server_shared_prefix_control,measure_first_turn,True,saturation_zero_gap,bounded_prefix,,round_robin,8,8,tp2,socket_vs_myelon_process_runner,"cuda,myelon,nccl","[0, 1]",8192,8192,True,True,32768,0.55,0.5,fullpass,completed,benchmark_complete,2,2,full_completion,,,,hazy-instance-completes-fin-02,"NVIDIA H100 80GB HBM3,NVIDIA H100 80GB HBM3",Qwen/Qwen3-4B,Qwen3ForCausalLM,True,/root/Documents/myelon-launch/vllm.rs/artifacts/h100_bridge_campaign_20260406/qwen3_4b_tp2_server_shared_prefix_rr_control_v1/report.json
